{
    "clusters": {
        "0": {
            "color": 7.5433669090271005,
            "eigenVal_0": 1.0,
            "eigenVal_1": 1.0,
            "eigenVal_2": 1.0,
            "eigenVec_0": [
                1.0,
                0.0,
                0.0
            ],
            "eigenVec_1": [
                0.0,
                1.0,
                0.0
            ],
            "eigenVec_2": [
                0.0,
                0.0,
                1.0
            ],
            "mixing_coeff_norm": 0.40612617705172727,
            "mu_x": -0.44949473206918844,
            "mu_y": -0.2675690874000561,
            "mu_z": -1.6991776124579903
        },
        "1": {
            "color": 7.5433669090271005,
            "eigenVal_0": 1.0,
            "eigenVal_1": 1.0,
            "eigenVal_2": 1.0,
            "eigenVec_0": [
                1.0,
                0.0,
                0.0
            ],
            "eigenVec_1": [
                0.0,
                1.0,
                0.0
            ],
            "eigenVec_2": [
                0.0,
                0.0,
                1.0
            ],
            "mixing_coeff_norm": 0.2158463332242928,
            "mu_x": -0.4537856609943901,
            "mu_y": -0.2569125961071663,
            "mu_z": -0.21696837904839483
        },
        "2": {
            "color": 7.5433669090271005,
            "eigenVal_0": 1.0,
            "eigenVal_1": 1.0,
            "eigenVal_2": 1.0,
            "eigenVec_0": [
                1.0,
                0.0,
                0.0
            ],
            "eigenVec_1": [
                0.0,
                1.0,
                0.0
            ],
            "eigenVec_2": [
                0.0,
                0.0,
                1.0
            ],
            "mixing_coeff_norm": 0.2522775198241582,
            "mu_x": -0.45935454351190275,
            "mu_y": -0.26630426353636716,
            "mu_z": 0.04761027767606769
        },
        "3": {
            "color": 7.5433669090271005,
            "eigenVal_0": 1.0,
            "eigenVal_1": 1.0,
            "eigenVal_2": 1.0,
            "eigenVec_0": [
                1.0,
                0.0,
                0.0
            ],
            "eigenVec_1": [
                0.0,
                1.0,
                0.0
            ],
            "eigenVec_2": [
                0.0,
                0.0,
                1.0
            ],
            "mixing_coeff_norm": 0.03984228172716358,
            "mu_x": -0.41629546880722046,
            "mu_y": -0.23727947473526,
            "mu_z": -0.047740936279296875
        },
        "4": {
            "color": 7.5433669090271005,
            "eigenVal_0": 1.0,
            "eigenVal_1": 1.0,
            "eigenVal_2": 1.0,
            "eigenVec_0": [
                1.0,
                0.0,
                0.0
            ],
            "eigenVec_1": [
                0.0,
                1.0,
                0.0
            ],
            "eigenVec_2": [
                0.0,
                0.0,
                1.0
            ],
            "mixing_coeff_norm": 0.08590768817265816,
            "mu_x": -0.44513326232935874,
            "mu_y": -0.26631865600010485,
            "mu_z": 1.5276742808740071
        }
    },
    "data": {
        "w": [
            1.0320974588394165,
            6.217773914337158,
            2.5142457485198975,
            2.2014946937561035,
            1.4333767890930176,
            1.2778986692428589,
            2.3874073028564453,
            14.497570037841797,
            16.937450408935547,
            60.85871505737305,
            2.04378080368042,
            1.595380187034607,
            1.080560326576233,
            1.9543437957763672,
            2.4182074069976807,
            2.243567943572998
        ],
        "x": [
            -0.41626712679862976,
            -0.41629546880722046,
            -0.4159592092037201,
            -0.43326398730278015,
            -0.43362870812416077,
            -0.4332771897315979,
            -0.4332963228225708,
            -0.4552852511405945,
            -0.4556664228439331,
            -0.45529910922050476,
            -0.4556834399700165,
            -0.47254127264022827,
            -0.472549170255661,
            -0.4729427695274353,
            -0.4725634753704071,
            -0.47296029329299927
        ],
        "y": [
            -0.026266446337103844,
            -0.23727947473526,
            -0.22011098265647888,
            -0.2891484498977661,
            -0.27179935574531555,
            -0.254634290933609,
            -0.22011874616146088,
            -0.28915005922317505,
            -0.2718108892440796,
            -0.2546358108520508,
            -0.237296462059021,
            -0.3236709535121918,
            -0.2891574800014496,
            -0.2718161344528198,
            -0.2546432316303253,
            -0.23730161786079407
        ],
        "z": [
            -0.8029685020446777,
            -0.047740936279296875,
            0.8725252151489258,
            -1.379572868347168,
            -1.6681599617004395,
            -0.800774097442627,
            -0.3964400291442871,
            -0.14389705657958984,
            0.041079044342041016,
            -0.2051382064819336,
            -2.1353611946105957,
            2.5757479667663574,
            1.5046582221984863,
            -1.6258049011230469,
            0.0642552375793457,
            0.07897615432739258
        ]
    }
}
