{
    "clusters": {
        "0": {
            "color": 4.163001992883927,
            "eigenVal_0": 0.00015474146102752062,
            "eigenVal_1": 0.0012186425469273958,
            "eigenVal_2": 0.5837672139755302,
            "eigenVec_0": [
                0.9907644930386582,
                0.13559282546217555,
                0.0005522834734713657
            ],
            "eigenVec_1": [
                -0.13559363039143768,
                0.9907627842611954,
                0.001863523617863769
            ],
            "eigenVec_2": [
                0.000294501479216259,
                0.0019211991536917552,
                -0.9999981111295615
            ],
            "mixing_coeff_norm": 0.40612617705172727,
            "mu_x": -0.45132800642567045,
            "mu_y": -0.2564169330455002,
            "mu_z": -0.6870813930724208
        },
        "1": {
            "color": 9.110562948813206,
            "eigenVal_0": 0.00011598698958652504,
            "eigenVal_1": 0.0007732798091072558,
            "eigenVal_2": 0.14896165935775718,
            "eigenVec_0": [
                0.972732109156852,
                0.23192583801511046,
                0.001627721183341727
            ],
            "eigenVec_1": [
                -0.23193154943364955,
                0.9727085716166228,
                0.006766910732078696
            ],
            "eigenVec_2": [
                1.3876904927554612e-05,
                0.006959911244989628,
                -0.9999757794281287
            ],
            "mixing_coeff_norm": 0.2158463332242928,
            "mu_x": -0.4520831488620348,
            "mu_y": -0.25788434485082345,
            "mu_z": -0.19216098850476496
        },
        "2": {
            "color": 9.415270918163257,
            "eigenVal_0": 0.00011578180705087059,
            "eigenVal_1": 0.000710618474930267,
            "eigenVal_2": 0.13910735411302688,
            "eigenVec_0": [
                -0.9652784586556681,
                -0.26122142992632597,
                0.0009283332285594313
            ],
            "eigenVec_1": [
                0.26122003749544986,
                -0.9652439718045591,
                0.008256325201614909
            ],
            "eigenVec_2": [
                0.001260661022409723,
                -0.008212152105547243,
                -0.99996548505015
            ],
            "mixing_coeff_norm": 0.2522775198241582,
            "mu_x": -0.4521350242767914,
            "mu_y": -0.25818356125580705,
            "mu_z": -0.15304747900473883
        },
        "3": {
            "color": 9.34330094247172,
            "eigenVal_0": 0.00011591037094157297,
            "eigenVal_1": 0.0007345770310208238,
            "eigenVal_2": 0.14003332536734217,
            "eigenVec_0": [
                0.968321493955317,
                0.24970410009581426,
                0.0011604910522562543
            ],
            "eigenVec_1": [
                -0.24970548399209708,
                0.9682908765048304,
                0.007742721858604631
            ],
            "eigenVec_2": [
                -0.0008096964958298088,
                0.007787224977276727,
                -0.9999693512896971
            ],
            "mixing_coeff_norm": 0.03984228172716358,
            "mu_x": -0.4521092676568783,
            "mu_y": -0.2580460530665268,
            "mu_z": -0.16689842335149901
        },
        "4": {
            "color": 4.362314241203955,
            "eigenVal_0": 9.879925532449408e-05,
            "eigenVal_1": 0.0006663031382743184,
            "eigenVal_2": 0.9669704415821951,
            "eigenVec_0": [
                -0.8730792958910324,
                -0.48753927497602106,
                0.006164287653459523
            ],
            "eigenVec_1": [
                0.4875545755711895,
                -0.8728425745763186,
                0.020889610972468223
            ],
            "eigenVec_2": [
                0.004804053082173602,
                -0.02124371348986121,
                -0.9997627847200279
            ],
            "mixing_coeff_norm": 0.08590768817265816,
            "mu_x": -0.45434608824266853,
            "mu_y": -0.26772793314990423,
            "mu_z": 0.4179989519580521
        }
    },
    "data": {
        "w": [
            1.0320974588394165,
            6.217773914337158,
            2.5142457485198975,
            2.2014946937561035,
            1.4333767890930176,
            1.2778986692428589,
            2.3874073028564453,
            14.497570037841797,
            16.937450408935547,
            60.85871505737305,
            2.04378080368042,
            1.595380187034607,
            1.080560326576233,
            1.9543437957763672,
            2.4182074069976807,
            2.243567943572998
        ],
        "x": [
            -0.41626712679862976,
            -0.41629546880722046,
            -0.4159592092037201,
            -0.43326398730278015,
            -0.43362870812416077,
            -0.4332771897315979,
            -0.4332963228225708,
            -0.4552852511405945,
            -0.4556664228439331,
            -0.45529910922050476,
            -0.4556834399700165,
            -0.47254127264022827,
            -0.472549170255661,
            -0.4729427695274353,
            -0.4725634753704071,
            -0.47296029329299927
        ],
        "y": [
            -0.026266446337103844,
            -0.23727947473526,
            -0.22011098265647888,
            -0.2891484498977661,
            -0.27179935574531555,
            -0.254634290933609,
            -0.22011874616146088,
            -0.28915005922317505,
            -0.2718108892440796,
            -0.2546358108520508,
            -0.237296462059021,
            -0.3236709535121918,
            -0.2891574800014496,
            -0.2718161344528198,
            -0.2546432316303253,
            -0.23730161786079407
        ],
        "z": [
            -0.8029685020446777,
            -0.047740936279296875,
            0.8725252151489258,
            -1.379572868347168,
            -1.6681599617004395,
            -0.800774097442627,
            -0.3964400291442871,
            -0.14389705657958984,
            0.041079044342041016,
            -0.2051382064819336,
            -2.1353611946105957,
            2.5757479667663574,
            1.5046582221984863,
            -1.6258049011230469,
            0.0642552375793457,
            0.07897615432739258
        ]
    }
}
