{
    "clusters": {
        "0": {
            "color": 1.670065142762318,
            "eigenVal_0": 0.00018504242002851225,
            "eigenVal_1": 0.004581844237033992,
            "eigenVal_2": 0.20241344629945496,
            "eigenVec_0": [
                0.9982934835870388,
                -0.052505190501323754,
                0.02556023470304154
            ],
            "eigenVec_1": [
                -0.054171215387173226,
                -0.996105626581625,
                0.06956335325374363
            ],
            "eigenVec_2": [
                -0.021808256489947924,
                0.07082927122912032,
                0.9972500259644121
            ],
            "mixing_coeff_norm": 0.40612617705172727,
            "mu_x": -0.4442696952240397,
            "mu_y": -0.24172573675580022,
            "mu_z": -1.5045052712864646
        },
        "1": {
            "color": 1.819874897263554,
            "eigenVal_0": 0.00010834398694408902,
            "eigenVal_1": 0.0006275721559777476,
            "eigenVal_2": 0.3465407341569168,
            "eigenVec_0": [
                -0.8022607990610086,
                -0.5959876558649417,
                0.03429758514245638
            ],
            "eigenVec_1": [
                0.5968786081290702,
                -0.7997825975890279,
                0.06390401983952938
            ],
            "eigenVec_2": [
                0.010655395248243164,
                -0.07173918490168892,
                -0.9973665083116363
            ],
            "mixing_coeff_norm": 0.2158463332242928,
            "mu_x": -0.4346182060137439,
            "mu_y": -0.24453825591572964,
            "mu_z": 1.145275569993355
        },
        "2": {
            "color": 1.5859238508784579,
            "eigenVal_0": 0.0001251685435239161,
            "eigenVal_1": 0.00796209389329978,
            "eigenVal_2": 0.9250640948470995,
            "eigenVec_0": [
                0.9953576483132862,
                -0.09613217462442353,
                0.004664434180468149
            ],
            "eigenVec_1": [
                -0.09599992267416517,
                -0.9951119274896851,
                -0.023157431082003892
            ],
            "eigenVec_2": [
                -0.006867808296602697,
                -0.022602140822116857,
                0.9997209492850786
            ],
            "mixing_coeff_norm": 0.2522775198241582,
            "mu_x": -0.42479864411093143,
            "mu_y": -0.192463917647953,
            "mu_z": -0.08844022616082858
        },
        "3": {
            "color": 14.897014130980788,
            "eigenVal_0": 8.390630440311374e-05,
            "eigenVal_1": 0.00024087941317850004,
            "eigenVal_2": 0.012172536114145547,
            "eigenVec_0": [
                -0.9144198647325216,
                -0.4046689098627667,
                0.008909790852614162
            ],
            "eigenVec_1": [
                0.40465385385536257,
                -0.9134223967107837,
                0.043758242047990135
            ],
            "eigenVec_2": [
                0.009569197592284704,
                -0.043618786980011724,
                -0.9990024183553472
            ],
            "mixing_coeff_norm": 0.03984228172716358,
            "mu_x": -0.45330809953737583,
            "mu_y": -0.2599355728382472,
            "mu_z": -0.14080957049909168
        },
        "4": {
            "color": 1.523716233053957,
            "eigenVal_0": 2.4797674193223922e-08,
            "eigenVal_1": 0.00015972376671384634,
            "eigenVal_2": 0.27301964500222475,
            "eigenVec_0": [
                0.6520239689483914,
                -0.7579884633548272,
                0.017839095766723122
            ],
            "eigenVec_1": [
                -0.7578050361961507,
                -0.6507475692329723,
                0.04753028774506187
            ],
            "eigenVec_2": [
                -0.02441866156318303,
                -0.04450944347400262,
                -0.9987104877836706
            ],
            "mixing_coeff_norm": 0.08590768817265816,
            "mu_x": -0.46918575571091176,
            "mu_y": -0.3125491953762258,
            "mu_z": 2.3202095903534508
        }
    },
    "data": {
        "w": [
            1.0320974588394165,
            6.217773914337158,
            2.5142457485198975,
            2.2014946937561035,
            1.4333767890930176,
            1.2778986692428589,
            2.3874073028564453,
            14.497570037841797,
            16.937450408935547,
            60.85871505737305,
            2.04378080368042,
            1.595380187034607,
            1.080560326576233,
            1.9543437957763672,
            2.4182074069976807,
            2.243567943572998
        ],
        "x": [
            -0.41626712679862976,
            -0.41629546880722046,
            -0.4159592092037201,
            -0.43326398730278015,
            -0.43362870812416077,
            -0.4332771897315979,
            -0.4332963228225708,
            -0.4552852511405945,
            -0.4556664228439331,
            -0.45529910922050476,
            -0.4556834399700165,
            -0.47254127264022827,
            -0.472549170255661,
            -0.4729427695274353,
            -0.4725634753704071,
            -0.47296029329299927
        ],
        "y": [
            -0.026266446337103844,
            -0.23727947473526,
            -0.22011098265647888,
            -0.2891484498977661,
            -0.27179935574531555,
            -0.254634290933609,
            -0.22011874616146088,
            -0.28915005922317505,
            -0.2718108892440796,
            -0.2546358108520508,
            -0.237296462059021,
            -0.3236709535121918,
            -0.2891574800014496,
            -0.2718161344528198,
            -0.2546432316303253,
            -0.23730161786079407
        ],
        "z": [
            -0.8029685020446777,
            -0.047740936279296875,
            0.8725252151489258,
            -1.379572868347168,
            -1.6681599617004395,
            -0.800774097442627,
            -0.3964400291442871,
            -0.14389705657958984,
            0.041079044342041016,
            -0.2051382064819336,
            -2.1353611946105957,
            2.5757479667663574,
            1.5046582221984863,
            -1.6258049011230469,
            0.0642552375793457,
            0.07897615432739258
        ]
    }
}
