{
    "clusters": {
        "0": {
            "color": 1.6619411143751834,
            "eigenVal_0": 0.00018334400959010475,
            "eigenVal_1": 0.004680395967674572,
            "eigenVal_2": 0.2072356958426613,
            "eigenVec_0": [
                0.998242541132996,
                -0.053566211800043596,
                0.025347386960617158
            ],
            "eigenVec_1": [
                -0.055219641460656596,
                -0.9960324315841451,
                0.06978672101145704
            ],
            "eigenVec_2": [
                -0.021508609190157558,
                0.07106374733974656,
                0.9972398525654385
            ],
            "mixing_coeff_norm": 0.40612617705172727,
            "mu_x": -0.4440484733538264,
            "mu_y": -0.24091781544411345,
            "mu_z": -1.494280368596165
        },
        "1": {
            "color": 1.761902544766144,
            "eigenVal_0": 7.050277699090703e-06,
            "eigenVal_1": 0.0004075387401635759,
            "eigenVal_2": 0.4379685095258214,
            "eigenVec_0": [
                0.6650229472016664,
                -0.745973044083965,
                0.035618775881728876
            ],
            "eigenVec_1": [
                -0.7464602844383748,
                -0.6624574886042497,
                0.06282610562760989
            ],
            "eigenVec_2": [
                -0.0232706564452008,
                -0.0683688035016981,
                -0.9973886821376892
            ],
            "mixing_coeff_norm": 0.2158463332242928,
            "mu_x": -0.4404755980672637,
            "mu_y": -0.2567283142751715,
            "mu_z": 1.3544350312562212
        },
        "2": {
            "color": 14.981987001989328,
            "eigenVal_0": 8.358151491297547e-05,
            "eigenVal_1": 0.00023919625715166748,
            "eigenVal_2": 0.01195227442468275,
            "eigenVec_0": [
                -0.912787824674555,
                -0.4083464954009363,
                0.008457352994152713
            ],
            "eigenVec_1": [
                0.4083064645179428,
                -0.9117894425308604,
                0.04388443371083942
            ],
            "eigenVec_2": [
                0.010208729536651,
                -0.04351036868421479,
                -0.9990008156444176
            ],
            "mixing_coeff_norm": 0.2522775198241582,
            "mu_x": -0.4533193984395478,
            "mu_y": -0.2599484352173287,
            "mu_z": -0.14046299789128294
        },
        "3": {
            "color": 1.569434659662955,
            "eigenVal_0": 2.926258443058995e-09,
            "eigenVal_1": 5.144358475837451e-05,
            "eigenVal_2": 0.1012267406442203,
            "eigenVec_0": [
                0.6519480927549862,
                -0.7580879501017114,
                0.016320057099193305
            ],
            "eigenVec_1": [
                -0.7578701748491026,
                -0.650765654328199,
                0.04622619626339442
            ],
            "eigenVec_2": [
                -0.0244229897294858,
                -0.042505565016550485,
                -0.9987976744643018
            ],
            "mixing_coeff_norm": 0.03984228172716358,
            "mu_x": -0.47152433899730367,
            "mu_y": -0.3201352960209028,
            "mu_z": 2.4931818011844378
        }
    },
    "data": {
        "w": [
            1.0320974588394165,
            6.217773914337158,
            2.5142457485198975,
            2.2014946937561035,
            1.4333767890930176,
            1.2778986692428589,
            2.3874073028564453,
            14.497570037841797,
            16.937450408935547,
            60.85871505737305,
            2.04378080368042,
            1.595380187034607,
            1.080560326576233,
            1.9543437957763672,
            2.4182074069976807,
            2.243567943572998
        ],
        "x": [
            -0.41626712679862976,
            -0.41629546880722046,
            -0.4159592092037201,
            -0.43326398730278015,
            -0.43362870812416077,
            -0.4332771897315979,
            -0.4332963228225708,
            -0.4552852511405945,
            -0.4556664228439331,
            -0.45529910922050476,
            -0.4556834399700165,
            -0.47254127264022827,
            -0.472549170255661,
            -0.4729427695274353,
            -0.4725634753704071,
            -0.47296029329299927
        ],
        "y": [
            -0.026266446337103844,
            -0.23727947473526,
            -0.22011098265647888,
            -0.2891484498977661,
            -0.27179935574531555,
            -0.254634290933609,
            -0.22011874616146088,
            -0.28915005922317505,
            -0.2718108892440796,
            -0.2546358108520508,
            -0.237296462059021,
            -0.3236709535121918,
            -0.2891574800014496,
            -0.2718161344528198,
            -0.2546432316303253,
            -0.23730161786079407
        ],
        "z": [
            -0.8029685020446777,
            -0.047740936279296875,
            0.8725252151489258,
            -1.379572868347168,
            -1.6681599617004395,
            -0.800774097442627,
            -0.3964400291442871,
            -0.14389705657958984,
            0.041079044342041016,
            -0.2051382064819336,
            -2.1353611946105957,
            2.5757479667663574,
            1.5046582221984863,
            -1.6258049011230469,
            0.0642552375793457,
            0.07897615432739258
        ]
    }
}
