{
    "clusters": {
        "0": {
            "color": 1.6615335517469372,
            "eigenVal_0": 0.00018327713251433758,
            "eigenVal_1": 0.004681966630870813,
            "eigenVal_2": 0.20766130112225864,
            "eigenVec_0": [
                0.9982364321892463,
                -0.053700606169539984,
                0.025303563921074985
            ],
            "eigenVec_1": [
                -0.05534584474899614,
                -0.9960409561953427,
                0.06956472561928867
            ],
            "eigenVec_2": [
                -0.021467718069323957,
                0.07084249062879479,
                0.997256475838791
            ],
            "mixing_coeff_norm": 0.40612617705172727,
            "mu_x": -0.44403692189201316,
            "mu_y": -0.2409159361361318,
            "mu_z": -1.4934465306980225
        },
        "1": {
            "color": 1.7301582159866924,
            "eigenVal_0": 6.073004454037611e-06,
            "eigenVal_1": 0.0003760203368962102,
            "eigenVal_2": 0.5533793688631664,
            "eigenVec_0": [
                0.6643956046055731,
                -0.7466713537138933,
                0.032563324828042764
            ],
            "eigenVec_1": [
                -0.7470152604888964,
                -0.6620767392749577,
                0.06018797145398622
            ],
            "eigenVec_2": [
                -0.023381214200739412,
                -0.06431392426295922,
                -0.9976557712800529
            ],
            "mixing_coeff_norm": 0.2158463332242928,
            "mu_x": -0.4451263633050775,
            "mu_y": -0.26622489407814515,
            "mu_z": 1.5249348386405859
        },
        "2": {
            "color": 14.997689596858526,
            "eigenVal_0": 8.352269216729756e-05,
            "eigenVal_1": 0.00023892120519121516,
            "eigenVal_2": 0.011911900718950529,
            "eigenVec_0": [
                -0.9125077214288925,
                -0.4089737732474579,
                0.008373238823071932
            ],
            "eigenVec_1": [
                0.40892904363111837,
                -0.9115087363115585,
                0.043918798966330067
            ],
            "eigenVec_2": [
                0.010329356591303102,
                -0.04350030371667307,
                -0.999000013998482
            ],
            "mixing_coeff_norm": 0.2522775198241582,
            "mu_x": -0.45332144970153443,
            "mu_y": -0.259950613490193,
            "mu_z": -0.1403999156851303
        }
    },
    "data": {
        "w": [
            1.0320974588394165,
            6.217773914337158,
            2.5142457485198975,
            2.2014946937561035,
            1.4333767890930176,
            1.2778986692428589,
            2.3874073028564453,
            14.497570037841797,
            16.937450408935547,
            60.85871505737305,
            2.04378080368042,
            1.595380187034607,
            1.080560326576233,
            1.9543437957763672,
            2.4182074069976807,
            2.243567943572998
        ],
        "x": [
            -0.41626712679862976,
            -0.41629546880722046,
            -0.4159592092037201,
            -0.43326398730278015,
            -0.43362870812416077,
            -0.4332771897315979,
            -0.4332963228225708,
            -0.4552852511405945,
            -0.4556664228439331,
            -0.45529910922050476,
            -0.4556834399700165,
            -0.47254127264022827,
            -0.472549170255661,
            -0.4729427695274353,
            -0.4725634753704071,
            -0.47296029329299927
        ],
        "y": [
            -0.026266446337103844,
            -0.23727947473526,
            -0.22011098265647888,
            -0.2891484498977661,
            -0.27179935574531555,
            -0.254634290933609,
            -0.22011874616146088,
            -0.28915005922317505,
            -0.2718108892440796,
            -0.2546358108520508,
            -0.237296462059021,
            -0.3236709535121918,
            -0.2891574800014496,
            -0.2718161344528198,
            -0.2546432316303253,
            -0.23730161786079407
        ],
        "z": [
            -0.8029685020446777,
            -0.047740936279296875,
            0.8725252151489258,
            -1.379572868347168,
            -1.6681599617004395,
            -0.800774097442627,
            -0.3964400291442871,
            -0.14389705657958984,
            0.041079044342041016,
            -0.2051382064819336,
            -2.1353611946105957,
            2.5757479667663574,
            1.5046582221984863,
            -1.6258049011230469,
            0.0642552375793457,
            0.07897615432739258
        ]
    }
}
