{
    "clusters": {
        "0": {
            "color": 1.6616061486447165,
            "eigenVal_0": 0.0001832928586832126,
            "eigenVal_1": 0.004679987999667692,
            "eigenVal_2": 0.20761890966413668,
            "eigenVec_0": [
                0.9982364290943352,
                -0.053702069873992786,
                0.02530057944471978
            ],
            "eigenVec_1": [
                -0.055346087107823023,
                -0.99604420764948,
                0.06951796206573535
            ],
            "eigenVec_2": [
                -0.02146723714973689,
                0.07079565028424077,
                0.9972598125012299
            ],
            "mixing_coeff_norm": 0.40612617705172727,
            "mu_x": -0.44403916530061793,
            "mu_y": -0.24093397289839505,
            "mu_z": -1.493487957931052
        },
        "1": {
            "color": 1.7300263975308778,
            "eigenVal_0": 8.76687522428056e-06,
            "eigenVal_1": 0.00038130609939232953,
            "eigenVal_2": 0.5555100855157775,
            "eigenVec_0": [
                0.6693962281526077,
                -0.7421965438479572,
                0.03244965385345653
            ],
            "eigenVec_1": [
                -0.7425503835604387,
                -0.6670870940437869,
                0.06011436462661523
            ],
            "eigenVec_2": [
                -0.022969928369660546,
                -0.0643358318541343,
                -0.9976639129137277
            ],
            "mixing_coeff_norm": 0.2158463332242928,
            "mu_x": -0.44511978751412584,
            "mu_y": -0.26617935251824526,
            "mu_z": 1.5238426321509428
        },
        "2": {
            "color": 14.99989168692406,
            "eigenVal_0": 8.351434510786115e-05,
            "eigenVal_1": 0.00023888448429461618,
            "eigenVal_2": 0.011906346966128344,
            "eigenVec_0": [
                -0.9124697648228254,
                -0.40905869102290665,
                0.008361553851037797
            ],
            "eigenVec_1": [
                0.40901330694686905,
                -0.911470680754834,
                0.043923944093239034
            ],
            "eigenVec_2": [
                0.010346159894569919,
                -0.04349925772867588,
                -0.9989998856619003
            ],
            "mixing_coeff_norm": 0.2522775198241582,
            "mu_x": -0.4533217211227897,
            "mu_y": -0.25995090485884914,
            "mu_z": -0.14039171311450155
        }
    },
    "data": {
        "w": [
            1.0320974588394165,
            6.217773914337158,
            2.5142457485198975,
            2.2014946937561035,
            1.4333767890930176,
            1.2778986692428589,
            2.3874073028564453,
            14.497570037841797,
            16.937450408935547,
            60.85871505737305,
            2.04378080368042,
            1.595380187034607,
            1.080560326576233,
            1.9543437957763672,
            2.4182074069976807,
            2.243567943572998
        ],
        "x": [
            -0.41626712679862976,
            -0.41629546880722046,
            -0.4159592092037201,
            -0.43326398730278015,
            -0.43362870812416077,
            -0.4332771897315979,
            -0.4332963228225708,
            -0.4552852511405945,
            -0.4556664228439331,
            -0.45529910922050476,
            -0.4556834399700165,
            -0.47254127264022827,
            -0.472549170255661,
            -0.4729427695274353,
            -0.4725634753704071,
            -0.47296029329299927
        ],
        "y": [
            -0.026266446337103844,
            -0.23727947473526,
            -0.22011098265647888,
            -0.2891484498977661,
            -0.27179935574531555,
            -0.254634290933609,
            -0.22011874616146088,
            -0.28915005922317505,
            -0.2718108892440796,
            -0.2546358108520508,
            -0.237296462059021,
            -0.3236709535121918,
            -0.2891574800014496,
            -0.2718161344528198,
            -0.2546432316303253,
            -0.23730161786079407
        ],
        "z": [
            -0.8029685020446777,
            -0.047740936279296875,
            0.8725252151489258,
            -1.379572868347168,
            -1.6681599617004395,
            -0.800774097442627,
            -0.3964400291442871,
            -0.14389705657958984,
            0.041079044342041016,
            -0.2051382064819336,
            -2.1353611946105957,
            2.5757479667663574,
            1.5046582221984863,
            -1.6258049011230469,
            0.0642552375793457,
            0.07897615432739258
        ]
    }
}
