{
    "clusters": {
        "0": {
            "color": 2.370588006503978,
            "eigenVal_0": 0.0002468647321489653,
            "eigenVal_1": 0.0012045581408370776,
            "eigenVal_2": 0.7003203784747305,
            "eigenVec_0": [
                0.9953520861253946,
                -0.09627221285909782,
                0.0024260414336204797
            ],
            "eigenVec_1": [
                -0.09627295991155688,
                -0.9953549517759356,
                0.00019278224114959
            ],
            "eigenVec_2": [
                -0.0023962127812123964,
                0.0004254483955788839,
                0.9999970385746
            ],
            "mixing_coeff_norm": 0.40612617705172727,
            "mu_x": -0.4504159201065373,
            "mu_y": -0.2588730581567124,
            "mu_z": -1.231286137279884
        },
        "1": {
            "color": 10.577131862804537,
            "eigenVal_0": 0.00010983635279344398,
            "eigenVal_1": 0.000773515488334315,
            "eigenVal_2": 0.06271616615715998,
            "eigenVec_0": [
                -0.9711001239975766,
                -0.23867139372921517,
                0.0007176261178630858
            ],
            "eigenVec_1": [
                0.23866031063497328,
                -0.9710158972762195,
                0.013014736435153334
            ],
            "eigenVec_2": [
                0.002409418915250763,
                -0.01280988103818213,
                -0.9999150472156515
            ],
            "mixing_coeff_norm": 0.2158463332242928,
            "mu_x": -0.4519589897488215,
            "mu_y": -0.25741150734335927,
            "mu_z": -0.15680938361017105
        },
        "2": {
            "color": 11.131333567961127,
            "eigenVal_0": 0.00010675142146849112,
            "eigenVal_1": 0.0006923496451428284,
            "eigenVal_2": 0.05170851196508199,
            "eigenVec_0": [
                -0.9652733632817476,
                -0.2612283891183129,
                -0.0026576036940486373
            ],
            "eigenVec_1": [
                0.2611676692874979,
                -0.9651916298716647,
                0.014020204870664023
            ],
            "eigenVec_2": [
                0.006227572374484037,
                -0.012839250146740427,
                -0.9998981803153707
            ],
            "mixing_coeff_norm": 0.2522775198241582,
            "mu_x": -0.45210125372452536,
            "mu_y": -0.25771155691843817,
            "mu_z": -0.14236073413730896
        },
        "3": {
            "color": 11.069565844297857,
            "eigenVal_0": 0.00010684187583720468,
            "eigenVal_1": 0.0007076781399308408,
            "eigenVal_2": 0.052578938637263956,
            "eigenVec_0": [
                -0.967247890721664,
                -0.2538310126389687,
                -0.001155386154987853
            ],
            "eigenVec_1": [
                0.25378514239316985,
                -0.9671420363649772,
                0.015145395217143158
            ],
            "eigenVec_2": [
                0.004961793523507685,
                -0.014356131738064977,
                -0.9998846343886627
            ],
            "mixing_coeff_norm": 0.03984228172716358,
            "mu_x": -0.45210367470899093,
            "mu_y": -0.25765786613617103,
            "mu_z": -0.14683012663688744
        },
        "4": {
            "color": 1.8697081755329745,
            "eigenVal_0": 0.00013550749763831856,
            "eigenVal_1": 0.0011057372896674255,
            "eigenVal_2": 1.9912657989499996,
            "eigenVec_0": [
                0.9109714403435017,
                0.4124115342838444,
                0.006910952765825492
            ],
            "eigenVec_1": [
                -0.4124671124938918,
                0.9107822051530198,
                0.01861869725716063
            ],
            "eigenVec_2": [
                -0.0013841927024249748,
                0.019811642189576626,
                -0.9998027719727104
            ],
            "mixing_coeff_norm": 0.08590768817265816,
            "mu_x": -0.45909748486557894,
            "mu_y": -0.282873003331831,
            "mu_z": 1.0801673963080496
        }
    },
    "data": {
        "w": [
            1.0320974588394165,
            6.217773914337158,
            2.5142457485198975,
            2.2014946937561035,
            1.4333767890930176,
            1.2778986692428589,
            2.3874073028564453,
            14.497570037841797,
            16.937450408935547,
            60.85871505737305,
            2.04378080368042,
            1.595380187034607,
            1.080560326576233,
            1.9543437957763672,
            2.4182074069976807,
            2.243567943572998
        ],
        "x": [
            -0.41626712679862976,
            -0.41629546880722046,
            -0.4159592092037201,
            -0.43326398730278015,
            -0.43362870812416077,
            -0.4332771897315979,
            -0.4332963228225708,
            -0.4552852511405945,
            -0.4556664228439331,
            -0.45529910922050476,
            -0.4556834399700165,
            -0.47254127264022827,
            -0.472549170255661,
            -0.4729427695274353,
            -0.4725634753704071,
            -0.47296029329299927
        ],
        "y": [
            -0.026266446337103844,
            -0.23727947473526,
            -0.22011098265647888,
            -0.2891484498977661,
            -0.27179935574531555,
            -0.254634290933609,
            -0.22011874616146088,
            -0.28915005922317505,
            -0.2718108892440796,
            -0.2546358108520508,
            -0.237296462059021,
            -0.3236709535121918,
            -0.2891574800014496,
            -0.2718161344528198,
            -0.2546432316303253,
            -0.23730161786079407
        ],
        "z": [
            -0.8029685020446777,
            -0.047740936279296875,
            0.8725252151489258,
            -1.379572868347168,
            -1.6681599617004395,
            -0.800774097442627,
            -0.3964400291442871,
            -0.14389705657958984,
            0.041079044342041016,
            -0.2051382064819336,
            -2.1353611946105957,
            2.5757479667663574,
            1.5046582221984863,
            -1.6258049011230469,
            0.0642552375793457,
            0.07897615432739258
        ]
    }
}
