{
    "clusters": {
        "0": {
            "color": 1.9312951761536754,
            "eigenVal_0": 0.00025900602161949167,
            "eigenVal_1": 0.0012721705540376515,
            "eigenVal_2": 0.35410430918567193,
            "eigenVec_0": [
                0.9996035964548865,
                -0.02590015640289905,
                0.011037746724855165
            ],
            "eigenVec_1": [
                -0.025924977781806087,
                -0.9996616610322566,
                0.0021116318910096446
            ],
            "eigenVec_2": [
                -0.010979320628779538,
                0.002396948171245145,
                0.9999368525851994
            ],
            "mixing_coeff_norm": 0.40612617705172727,
            "mu_x": -0.4482452416058457,
            "mu_y": -0.26223622677033653,
            "mu_z": -1.5540573699992781
        },
        "1": {
            "color": 10.784083612579757,
            "eigenVal_0": 0.00010046300278726233,
            "eigenVal_1": 0.0008238889696879364,
            "eigenVal_2": 0.04279921900041765,
            "eigenVec_0": [
                -0.9654036563229365,
                -0.2607269672199346,
                -0.004150773735246293
            ],
            "eigenVec_1": [
                0.26045742096362745,
                -0.9649278532526564,
                0.032805028306594035
            ],
            "eigenVec_2": [
                0.012558352729631123,
                -0.03058899445087765,
                -0.9994531510757284
            ],
            "mixing_coeff_norm": 0.2158463332242928,
            "mu_x": -0.451919897377157,
            "mu_y": -0.2565989924248329,
            "mu_z": -0.1378969018645197
        },
        "2": {
            "color": 12.056790011735131,
            "eigenVal_0": 9.636456312076539e-05,
            "eigenVal_1": 0.000619015420262157,
            "eigenVal_2": 0.029942408077847763,
            "eigenVec_0": [
                -0.9617481534310869,
                -0.2739340762871136,
                -0.0007818059990435598
            ],
            "eigenVec_1": [
                0.27368669229242915,
                -0.9609933291813908,
                0.03984238610945894
            ],
            "eigenVec_2": [
                0.011665497585764007,
                -0.038104371371167886,
                -0.9992056710449978
            ],
            "mixing_coeff_norm": 0.2522775198241582,
            "mu_x": -0.4524789205063631,
            "mu_y": -0.2578812547659193,
            "mu_z": -0.13935339014012324
        },
        "3": {
            "color": 12.037960040953326,
            "eigenVal_0": 9.608353459583408e-05,
            "eigenVal_1": 0.0006235352494853965,
            "eigenVal_2": 0.029683757364347918,
            "eigenVec_0": [
                -0.9626213270449703,
                -0.2708507826128579,
                0.000185138280091139
            ],
            "eigenVec_1": [
                0.27061953135572864,
                -0.9617707517299039,
                0.04197726010236252
            ],
            "eigenVec_2": [
                0.011191513167851146,
                -0.04045830786004236,
                -0.9991185492013027
            ],
            "mixing_coeff_norm": 0.03984228172716358,
            "mu_x": -0.45247853449004394,
            "mu_y": -0.2578241148282902,
            "mu_z": -0.1409536694872268
        },
        "4": {
            "color": 1.5377623479216407,
            "eigenVal_0": 7.666012990328945e-05,
            "eigenVal_1": 0.001043235564213796,
            "eigenVal_2": 0.9080003665269608,
            "eigenVec_0": [
                -0.8439715963559086,
                -0.5361639849919049,
                0.01549599116093571
            ],
            "eigenVec_1": [
                0.5363667082684146,
                -0.8433294487785878,
                0.033259511182646924
            ],
            "eigenVec_2": [
                0.004764326370541014,
                -0.03638161651718324,
                -0.999326612861797
            ],
            "mixing_coeff_norm": 0.08590768817265816,
            "mu_x": -0.45850661641676127,
            "mu_y": -0.28707562201258613,
            "mu_z": 1.7027072325910386
        }
    },
    "data": {
        "w": [
            1.0320974588394165,
            6.217773914337158,
            2.5142457485198975,
            2.2014946937561035,
            1.4333767890930176,
            1.2778986692428589,
            2.3874073028564453,
            14.497570037841797,
            16.937450408935547,
            60.85871505737305,
            2.04378080368042,
            1.595380187034607,
            1.080560326576233,
            1.9543437957763672,
            2.4182074069976807,
            2.243567943572998
        ],
        "x": [
            -0.41626712679862976,
            -0.41629546880722046,
            -0.4159592092037201,
            -0.43326398730278015,
            -0.43362870812416077,
            -0.4332771897315979,
            -0.4332963228225708,
            -0.4552852511405945,
            -0.4556664228439331,
            -0.45529910922050476,
            -0.4556834399700165,
            -0.47254127264022827,
            -0.472549170255661,
            -0.4729427695274353,
            -0.4725634753704071,
            -0.47296029329299927
        ],
        "y": [
            -0.026266446337103844,
            -0.23727947473526,
            -0.22011098265647888,
            -0.2891484498977661,
            -0.27179935574531555,
            -0.254634290933609,
            -0.22011874616146088,
            -0.28915005922317505,
            -0.2718108892440796,
            -0.2546358108520508,
            -0.237296462059021,
            -0.3236709535121918,
            -0.2891574800014496,
            -0.2718161344528198,
            -0.2546432316303253,
            -0.23730161786079407
        ],
        "z": [
            -0.8029685020446777,
            -0.047740936279296875,
            0.8725252151489258,
            -1.379572868347168,
            -1.6681599617004395,
            -0.800774097442627,
            -0.3964400291442871,
            -0.14389705657958984,
            0.041079044342041016,
            -0.2051382064819336,
            -2.1353611946105957,
            2.5757479667663574,
            1.5046582221984863,
            -1.6258049011230469,
            0.0642552375793457,
            0.07897615432739258
        ]
    }
}
