{
    "clusters": {
        "0": {
            "color": 1.8706406799109883,
            "eigenVal_0": 0.0002326875226829294,
            "eigenVal_1": 0.0015844561099103557,
            "eigenVal_2": 0.12898818859568476,
            "eigenVec_0": [
                0.9990667874086482,
                -0.03777693963540053,
                0.020939367916594818
            ],
            "eigenVec_1": [
                -0.037687659599989,
                -0.9992787849374142,
                -0.004642228762232856
            ],
            "eigenVec_2": [
                -0.021099635324776878,
                -0.0038487408056204434,
                0.999769969834748
            ],
            "mixing_coeff_norm": 0.40612617705172727,
            "mu_x": -0.44851727553065684,
            "mu_y": -0.2621135597658487,
            "mu_z": -1.6540931491984394
        },
        "1": {
            "color": 10.303937353774641,
            "eigenVal_0": 0.00010296527737579394,
            "eigenVal_1": 0.0008988273874906431,
            "eigenVal_2": 0.04478194707802011,
            "eigenVec_0": [
                -0.9667844029951564,
                -0.25557349196176005,
                -0.003179360276944562
            ],
            "eigenVec_1": [
                0.25528472317459394,
                -0.9661536471890668,
                0.03710579654090807
            ],
            "eigenVec_2": [
                0.01255500852128053,
                -0.035061663248289555,
                -0.9993062851454975
            ],
            "mixing_coeff_norm": 0.2158463332242928,
            "mu_x": -0.45180126315242,
            "mu_y": -0.25616578635735826,
            "mu_z": -0.13696589620028846
        },
        "2": {
            "color": 12.63907911367108,
            "eigenVal_0": 9.38238404181259e-05,
            "eigenVal_1": 0.0005286486007939117,
            "eigenVal_2": 0.022081678487972854,
            "eigenVec_0": [
                0.9652796688142264,
                0.2610533336976039,
                0.009290744817540223
            ],
            "eigenVec_1": [
                -0.2611162167302131,
                0.9632950642954818,
                0.06229719467571064
            ],
            "eigenVec_2": [
                -0.007313161723737588,
                0.06256017958198747,
                -0.9980143994934502
            ],
            "mixing_coeff_norm": 0.2522775198241582,
            "mu_x": -0.4527707777118357,
            "mu_y": -0.2582839077061937,
            "mu_z": -0.14616445803781414
        },
        "3": {
            "color": 12.967826337762364,
            "eigenVal_0": 9.24165334942704e-05,
            "eigenVal_1": 0.0004865081591622021,
            "eigenVal_2": 0.0202657589304864,
            "eigenVec_0": [
                0.9642220260154715,
                0.26488870011820587,
                0.010481464416129868
            ],
            "eigenVec_1": [
                -0.2650082767818679,
                0.9621322396362604,
                0.06381353061552271
            ],
            "eigenVec_2": [
                -0.006818928341340232,
                0.06430808660036862,
                -0.9979067953541929
            ],
            "mixing_coeff_norm": 0.03984228172716358,
            "mu_x": -0.4528532604734811,
            "mu_y": -0.2585096012188572,
            "mu_z": -0.14680284322589227
        },
        "4": {
            "color": 1.617024305546461,
            "eigenVal_0": 4.582418107091431e-06,
            "eigenVal_1": 0.0004315535311390319,
            "eigenVal_2": 0.5590265628697517,
            "eigenVec_0": [
                0.6663958097577861,
                -0.7449968126943115,
                0.02993950254398837
            ],
            "eigenVec_1": [
                -0.7452405619454122,
                -0.664295461656171,
                0.057689205700033365
            ],
            "eigenVec_2": [
                -0.02308959870917659,
                -0.060755976647005286,
                -0.9978855554286362
            ],
            "mixing_coeff_norm": 0.08590768817265816,
            "mu_x": -0.451789138393034,
            "mu_y": -0.27680574498245175,
            "mu_z": 1.6734954109877984
        }
    },
    "data": {
        "w": [
            1.0320974588394165,
            6.217773914337158,
            2.5142457485198975,
            2.2014946937561035,
            1.4333767890930176,
            1.2778986692428589,
            2.3874073028564453,
            14.497570037841797,
            16.937450408935547,
            60.85871505737305,
            2.04378080368042,
            1.595380187034607,
            1.080560326576233,
            1.9543437957763672,
            2.4182074069976807,
            2.243567943572998
        ],
        "x": [
            -0.41626712679862976,
            -0.41629546880722046,
            -0.4159592092037201,
            -0.43326398730278015,
            -0.43362870812416077,
            -0.4332771897315979,
            -0.4332963228225708,
            -0.4552852511405945,
            -0.4556664228439331,
            -0.45529910922050476,
            -0.4556834399700165,
            -0.47254127264022827,
            -0.472549170255661,
            -0.4729427695274353,
            -0.4725634753704071,
            -0.47296029329299927
        ],
        "y": [
            -0.026266446337103844,
            -0.23727947473526,
            -0.22011098265647888,
            -0.2891484498977661,
            -0.27179935574531555,
            -0.254634290933609,
            -0.22011874616146088,
            -0.28915005922317505,
            -0.2718108892440796,
            -0.2546358108520508,
            -0.237296462059021,
            -0.3236709535121918,
            -0.2891574800014496,
            -0.2718161344528198,
            -0.2546432316303253,
            -0.23730161786079407
        ],
        "z": [
            -0.8029685020446777,
            -0.047740936279296875,
            0.8725252151489258,
            -1.379572868347168,
            -1.6681599617004395,
            -0.800774097442627,
            -0.3964400291442871,
            -0.14389705657958984,
            0.041079044342041016,
            -0.2051382064819336,
            -2.1353611946105957,
            2.5757479667663574,
            1.5046582221984863,
            -1.6258049011230469,
            0.0642552375793457,
            0.07897615432739258
        ]
    }
}
