{
    "clusters": {
        "0": {
            "color": 1.8795519625171901,
            "eigenVal_0": 0.00022779176921663622,
            "eigenVal_1": 0.0010573837143636204,
            "eigenVal_2": 0.0986611284345475,
            "eigenVec_0": [
                0.9989482659979999,
                -0.039224483572520515,
                0.023744509850888895
            ],
            "eigenVec_1": [
                -0.038579424128727384,
                -0.9988895851165428,
                -0.027041168236539726
            ],
            "eigenVec_2": [
                -0.024778819453025933,
                -0.02609667860418569,
                0.9993522769636061
            ],
            "mixing_coeff_norm": 0.40612617705172727,
            "mu_x": -0.44891690809879126,
            "mu_y": -0.2642990861635595,
            "mu_z": -1.6786575212955035
        },
        "1": {
            "color": 8.819513794321368,
            "eigenVal_0": 0.00011146121507562765,
            "eigenVal_1": 0.0012289754366966623,
            "eigenVal_2": 0.05453382135573135,
            "eigenVec_0": [
                -0.9731180841505819,
                -0.2302980985262066,
                0.001995022384531479
            ],
            "eigenVec_1": [
                0.23009092377135001,
                -0.9717947942809289,
                0.051701495205983175
            ],
            "eigenVec_2": [
                0.009968003669138074,
                -0.05077069650596812,
                -0.9986605906308464
            ],
            "mixing_coeff_norm": 0.2158463332242928,
            "mu_x": -0.45127435570678176,
            "mu_y": -0.254196572516813,
            "mu_z": -0.14334062550086016
        },
        "2": {
            "color": 13.076242359438666,
            "eigenVal_0": 9.178943835390631e-05,
            "eigenVal_1": 0.0004579016376045436,
            "eigenVal_2": 0.017911201096040455,
            "eigenVec_0": [
                0.9679559976513294,
                0.2505582476682041,
                0.016785444178162127
            ],
            "eigenVec_1": [
                -0.25109508014065335,
                0.9647567962491483,
                0.07871203732745047
            ],
            "eigenVec_2": [
                -0.003528078794217543,
                0.0804045310695731,
                -0.9967560704823942
            ],
            "mixing_coeff_norm": 0.2522775198241582,
            "mu_x": -0.45293546990772615,
            "mu_y": -0.2585590875298102,
            "mu_z": -0.14880165910097115
        },
        "3": {
            "color": 14.123812135245633,
            "eigenVal_0": 8.82607608121796e-05,
            "eigenVal_1": 0.00036429936405643203,
            "eigenVal_2": 0.014935059617001062,
            "eigenVec_0": [
                0.9576874184893758,
                0.2874749801102047,
                0.01389043835857578
            ],
            "eigenVec_1": [
                -0.28773753064390634,
                0.9552435927982666,
                0.06867890416137062
            ],
            "eigenVec_2": [
                -0.006474714364591992,
                0.0697697228638405,
                -0.9975421113143043
            ],
            "mixing_coeff_norm": 0.03984228172716358,
            "mu_x": -0.4530982305580946,
            "mu_y": -0.25920407601559464,
            "mu_z": -0.1472039651659914
        },
        "4": {
            "color": 1.6521707913009804,
            "eigenVal_0": 2.1424669518811746e-06,
            "eigenVal_1": 0.00040963938220144904,
            "eigenVal_2": 0.5592693110270207,
            "eigenVec_0": [
                0.6595943160377726,
                -0.7509804840153383,
                0.03104272666424991
            ],
            "eigenVec_1": [
                -0.751247726451757,
                -0.6574006432692796,
                0.05874732104703774
            ],
            "eigenVec_2": [
                -0.0237105831165989,
                -0.06207017687445367,
                -0.9977901088861549
            ],
            "mixing_coeff_norm": 0.08590768817265816,
            "mu_x": -0.4496304291446792,
            "mu_y": -0.2734068150099091,
            "mu_z": 1.6264200764685388
        }
    },
    "data": {
        "w": [
            1.0320974588394165,
            6.217773914337158,
            2.5142457485198975,
            2.2014946937561035,
            1.4333767890930176,
            1.2778986692428589,
            2.3874073028564453,
            14.497570037841797,
            16.937450408935547,
            60.85871505737305,
            2.04378080368042,
            1.595380187034607,
            1.080560326576233,
            1.9543437957763672,
            2.4182074069976807,
            2.243567943572998
        ],
        "x": [
            -0.41626712679862976,
            -0.41629546880722046,
            -0.4159592092037201,
            -0.43326398730278015,
            -0.43362870812416077,
            -0.4332771897315979,
            -0.4332963228225708,
            -0.4552852511405945,
            -0.4556664228439331,
            -0.45529910922050476,
            -0.4556834399700165,
            -0.47254127264022827,
            -0.472549170255661,
            -0.4729427695274353,
            -0.4725634753704071,
            -0.47296029329299927
        ],
        "y": [
            -0.026266446337103844,
            -0.23727947473526,
            -0.22011098265647888,
            -0.2891484498977661,
            -0.27179935574531555,
            -0.254634290933609,
            -0.22011874616146088,
            -0.28915005922317505,
            -0.2718108892440796,
            -0.2546358108520508,
            -0.237296462059021,
            -0.3236709535121918,
            -0.2891574800014496,
            -0.2718161344528198,
            -0.2546432316303253,
            -0.23730161786079407
        ],
        "z": [
            -0.8029685020446777,
            -0.047740936279296875,
            0.8725252151489258,
            -1.379572868347168,
            -1.6681599617004395,
            -0.800774097442627,
            -0.3964400291442871,
            -0.14389705657958984,
            0.041079044342041016,
            -0.2051382064819336,
            -2.1353611946105957,
            2.5757479667663574,
            1.5046582221984863,
            -1.6258049011230469,
            0.0642552375793457,
            0.07897615432739258
        ]
    }
}
