{
    "clusters": {
        "0": {
            "color": 1.8876060498760194,
            "eigenVal_0": 0.00022888148567329022,
            "eigenVal_1": 0.0007507897992181827,
            "eigenVal_2": 0.0937908609859395,
            "eigenVec_0": [
                0.9989948285050254,
                -0.03817321157065975,
                0.023497628361101943
            ],
            "eigenVec_1": [
                -0.03724940398643355,
                -0.9985613380743036,
                -0.03857118102821938
            ],
            "eigenVec_2": [
                -0.02493620907175513,
                -0.03765713772497676,
                0.9989795420605427
            ],
            "mixing_coeff_norm": 0.40612617705172727,
            "mu_x": -0.44910209793298733,
            "mu_y": -0.26533799872360603,
            "mu_z": -1.6849470046816228
        },
        "1": {
            "color": 6.426298569627622,
            "eigenVal_0": 0.00012855661951381532,
            "eigenVal_1": 0.002101566440730275,
            "eigenVal_2": 0.09503588319720065,
            "eigenVec_0": [
                -0.9765622257635769,
                -0.21523503984976322,
                0.00031117930397445284
            ],
            "eigenVec_1": [
                0.21496940968144923,
                -0.9752831362586214,
                0.05109752470282525
            ],
            "eigenVec_2": [
                0.010694489838117877,
                -0.04996680648608087,
                -0.9986936197536683
            ],
            "mixing_coeff_norm": 0.2158463332242928,
            "mu_x": -0.4493372327808724,
            "mu_y": -0.24873523957202304,
            "mu_z": -0.14488708545244589
        },
        "2": {
            "color": 13.150390496998742,
            "eigenVal_0": 9.191727836578816e-05,
            "eigenVal_1": 0.0004143923752253391,
            "eigenVal_2": 0.016900095343413635,
            "eigenVec_0": [
                0.9654744178058292,
                0.2599047312472307,
                0.01756926970024595
            ],
            "eigenVec_1": [
                -0.26048414020320226,
                0.9625323481839678,
                0.0753624004531117
            ],
            "eigenVec_2": [
                -0.002676054015457012,
                0.07733698581378456,
                -0.9970014189358734
            ],
            "mixing_coeff_norm": 0.2522775198241582,
            "mu_x": -0.45301052617454224,
            "mu_y": -0.2587839113860646,
            "mu_z": -0.1468694942233741
        },
        "3": {
            "color": 15.174223465830561,
            "eigenVal_0": 8.422749957828585e-05,
            "eigenVal_1": 0.00027618407258588425,
            "eigenVal_2": 0.012400940954149389,
            "eigenVec_0": [
                -0.9344376750596273,
                -0.35601560564480544,
                0.008894940501259675
            ],
            "eigenVec_1": [
                0.3559728232139663,
                -0.9330083320481866,
                0.05271433829366254
            ],
            "eigenVec_2": [
                0.010468073473035352,
                -0.052424620799990426,
                -0.9985700168599798
            ],
            "mixing_coeff_norm": 0.03984228172716358,
            "mu_x": -0.45325105735665283,
            "mu_y": -0.25981528219631234,
            "mu_z": -0.1442613845448989
        },
        "4": {
            "color": 1.6260242323638852,
            "eigenVal_0": 3.0262064513191876e-06,
            "eigenVal_1": 0.0004234031079957376,
            "eigenVal_2": 0.5585525734208922,
            "eigenVec_0": [
                0.6620667392403287,
                -0.7488329630867986,
                0.03027913780680868
            ],
            "eigenVec_1": [
                -0.7490767396351833,
                -0.659935002012395,
                0.05805024768615965
            ],
            "eigenVec_2": [
                -0.02348767611327955,
                -0.06111453602495773,
                -0.9978543694133188
            ],
            "mixing_coeff_norm": 0.08590768817265816,
            "mu_x": -0.45123399659520413,
            "mu_y": -0.27593291767455985,
            "mu_z": 1.6616023605744277
        }
    },
    "data": {
        "w": [
            1.0320974588394165,
            6.217773914337158,
            2.5142457485198975,
            2.2014946937561035,
            1.4333767890930176,
            1.2778986692428589,
            2.3874073028564453,
            14.497570037841797,
            16.937450408935547,
            60.85871505737305,
            2.04378080368042,
            1.595380187034607,
            1.080560326576233,
            1.9543437957763672,
            2.4182074069976807,
            2.243567943572998
        ],
        "x": [
            -0.41626712679862976,
            -0.41629546880722046,
            -0.4159592092037201,
            -0.43326398730278015,
            -0.43362870812416077,
            -0.4332771897315979,
            -0.4332963228225708,
            -0.4552852511405945,
            -0.4556664228439331,
            -0.45529910922050476,
            -0.4556834399700165,
            -0.47254127264022827,
            -0.472549170255661,
            -0.4729427695274353,
            -0.4725634753704071,
            -0.47296029329299927
        ],
        "y": [
            -0.026266446337103844,
            -0.23727947473526,
            -0.22011098265647888,
            -0.2891484498977661,
            -0.27179935574531555,
            -0.254634290933609,
            -0.22011874616146088,
            -0.28915005922317505,
            -0.2718108892440796,
            -0.2546358108520508,
            -0.237296462059021,
            -0.3236709535121918,
            -0.2891574800014496,
            -0.2718161344528198,
            -0.2546432316303253,
            -0.23730161786079407
        ],
        "z": [
            -0.8029685020446777,
            -0.047740936279296875,
            0.8725252151489258,
            -1.379572868347168,
            -1.6681599617004395,
            -0.800774097442627,
            -0.3964400291442871,
            -0.14389705657958984,
            0.041079044342041016,
            -0.2051382064819336,
            -2.1353611946105957,
            2.5757479667663574,
            1.5046582221984863,
            -1.6258049011230469,
            0.0642552375793457,
            0.07897615432739258
        ]
    }
}
