{
    "clusters": {
        "0": {
            "color": 1.8869997601670703,
            "eigenVal_0": 0.0002300837900456646,
            "eigenVal_1": 0.0006571980977607681,
            "eigenVal_2": 0.09309626596386084,
            "eigenVec_0": [
                0.9989891898780954,
                -0.03855367868303794,
                0.023113034563038527
            ],
            "eigenVec_1": [
                -0.037570166276441656,
                -0.9984287877085947,
                -0.04157449315033307
            ],
            "eigenVec_2": [
                -0.02467956872936953,
                -0.04066410868015704,
                0.9988680339026679
            ],
            "mixing_coeff_norm": 0.40612617705172727,
            "mu_x": -0.44927018007302316,
            "mu_y": -0.26543981449985293,
            "mu_z": -1.6886004827265948
        },
        "1": {
            "color": 3.128900283137344,
            "eigenVal_0": 0.00017156633481920768,
            "eigenVal_1": 0.004718533983319587,
            "eigenVal_2": 0.3272787831103697,
            "eigenVec_0": [
                0.9820034209555765,
                -0.18869118576198754,
                0.008057148830710936
            ],
            "eigenVec_1": [
                -0.18838537190642515,
                -0.9816600625194368,
                -0.029231375369857343
            ],
            "eigenVec_2": [
                -0.013425084104876143,
                -0.027187461633457793,
                0.9995401988147885
            ],
            "mixing_coeff_norm": 0.2158463332242928,
            "mu_x": -0.43944656494451567,
            "mu_y": -0.22788263083012114,
            "mu_z": -0.07359296339926055
        },
        "2": {
            "color": 11.402381051499741,
            "eigenVal_0": 9.759758120258664e-05,
            "eigenVal_1": 0.0005089780339692697,
            "eigenVal_2": 0.021420344105753678,
            "eigenVec_0": [
                0.9756001996985931,
                0.2183368124416524,
                0.023093000690320088
            ],
            "eigenVec_1": [
                -0.21950652688275146,
                0.9721783160706846,
                0.08176922659435894
            ],
            "eigenVec_2": [
                0.004597282233702907,
                0.08484313817148952,
                -0.9963837146909202
            ],
            "mixing_coeff_norm": 0.2522775198241582,
            "mu_x": -0.4528069755303328,
            "mu_y": -0.2579159639143798,
            "mu_z": -0.14777053017659034
        },
        "3": {
            "color": 15.491945125020893,
            "eigenVal_0": 8.227195754904804e-05,
            "eigenVal_1": 0.0002431932695908289,
            "eigenVal_2": 0.011566678884680028,
            "eigenVec_0": [
                -0.9165861106675381,
                -0.3997834495922135,
                0.006564690663262023
            ],
            "eigenVec_1": [
                0.39965873229355475,
                -0.9155624749474721,
                0.04492496154219612
            ],
            "eigenVec_2": [
                0.011949871667215907,
                -0.04380123172022887,
                -0.9989687946412178
            ],
            "mixing_coeff_norm": 0.03984228172716358,
            "mu_x": -0.4533143690684836,
            "mu_y": -0.2600192595456086,
            "mu_z": -0.14227933303616586
        },
        "4": {
            "color": 1.492350872867008,
            "eigenVal_0": 2.567801202458372e-06,
            "eigenVal_1": 0.00042541671478228915,
            "eigenVal_2": 0.49888648473045094,
            "eigenVec_0": [
                0.6592142416609257,
                -0.7515474005459285,
                0.0247606204298026
            ],
            "eigenVec_1": [
                -0.751578691736573,
                -0.657485036722981,
                0.05331882043821152
            ],
            "eigenVec_2": [
                -0.023791883467940422,
                -0.05375808049064757,
                -0.9982705119670766
            ],
            "mixing_coeff_norm": 0.08590768817265816,
            "mu_x": -0.46014249782924116,
            "mu_y": -0.2900660835943377,
            "mu_z": 1.862717784492854
        }
    },
    "data": {
        "w": [
            1.0320974588394165,
            6.217773914337158,
            2.5142457485198975,
            2.2014946937561035,
            1.4333767890930176,
            1.2778986692428589,
            2.3874073028564453,
            14.497570037841797,
            16.937450408935547,
            60.85871505737305,
            2.04378080368042,
            1.595380187034607,
            1.080560326576233,
            1.9543437957763672,
            2.4182074069976807,
            2.243567943572998
        ],
        "x": [
            -0.41626712679862976,
            -0.41629546880722046,
            -0.4159592092037201,
            -0.43326398730278015,
            -0.43362870812416077,
            -0.4332771897315979,
            -0.4332963228225708,
            -0.4552852511405945,
            -0.4556664228439331,
            -0.45529910922050476,
            -0.4556834399700165,
            -0.47254127264022827,
            -0.472549170255661,
            -0.4729427695274353,
            -0.4725634753704071,
            -0.47296029329299927
        ],
        "y": [
            -0.026266446337103844,
            -0.23727947473526,
            -0.22011098265647888,
            -0.2891484498977661,
            -0.27179935574531555,
            -0.254634290933609,
            -0.22011874616146088,
            -0.28915005922317505,
            -0.2718108892440796,
            -0.2546358108520508,
            -0.237296462059021,
            -0.3236709535121918,
            -0.2891574800014496,
            -0.2718161344528198,
            -0.2546432316303253,
            -0.23730161786079407
        ],
        "z": [
            -0.8029685020446777,
            -0.047740936279296875,
            0.8725252151489258,
            -1.379572868347168,
            -1.6681599617004395,
            -0.800774097442627,
            -0.3964400291442871,
            -0.14389705657958984,
            0.041079044342041016,
            -0.2051382064819336,
            -2.1353611946105957,
            2.5757479667663574,
            1.5046582221984863,
            -1.6258049011230469,
            0.0642552375793457,
            0.07897615432739258
        ]
    }
}
