{
    "clusters": {
        "0": {
            "color": 1.8643291080004025,
            "eigenVal_0": 0.0002263869289599389,
            "eigenVal_1": 0.001189008328205516,
            "eigenVal_2": 0.10548204616414077,
            "eigenVec_0": [
                0.9988178796821314,
                -0.042707678704220535,
                0.023214163930434337
            ],
            "eigenVec_1": [
                -0.042238272862664177,
                -0.9989003298518381,
                -0.020348447790160516
            ],
            "eigenVec_2": [
                -0.024057670977697093,
                -0.019343867286218376,
                0.999523408062834
            ],
            "mixing_coeff_norm": 0.40612617705172727,
            "mu_x": -0.44904129165629025,
            "mu_y": -0.263138381923434,
            "mu_z": -1.678823003385673
        },
        "1": {
            "color": 1.8482239660732962,
            "eigenVal_0": 0.0002319081513647673,
            "eigenVal_1": 0.00507467097312798,
            "eigenVal_2": 0.8332137482199174,
            "eigenVec_0": [
                0.9901507466894149,
                -0.1399957235773838,
                0.0016420141408432145
            ],
            "eigenVec_1": [
                -0.1399273887973214,
                -0.9899226505711834,
                -0.021759406023282708
            ],
            "eigenVec_2": [
                -0.004671690781422409,
                -0.02131532937037513,
                0.9997618876707968
            ],
            "mixing_coeff_norm": 0.2158463332242928,
            "mu_x": -0.4267130073939672,
            "mu_y": -0.2135257462237203,
            "mu_z": 0.27613271523337424
        },
        "2": {
            "color": 3.4822584457157,
            "eigenVal_0": 0.00011641552063590805,
            "eigenVal_1": 0.0037676329753967095,
            "eigenVal_2": 0.11539513589856228,
            "eigenVec_0": [
                0.9930232413571656,
                0.11430586042372455,
                0.028965710716297034
            ],
            "eigenVec_1": [
                -0.11693505583742016,
                0.9862306995418707,
                0.11694101075949034
            ],
            "eigenVec_2": [
                0.015199830288777605,
                0.11951224855195328,
                -0.9927163681562061
            ],
            "mixing_coeff_norm": 0.2522775198241582,
            "mu_x": -0.4459512141044646,
            "mu_y": -0.2333799034645201,
            "mu_z": -0.2864594313660313
        },
        "3": {
            "color": 15.161152402125479,
            "eigenVal_0": 8.309205123165798e-05,
            "eigenVal_1": 0.00023931062000262827,
            "eigenVal_2": 0.011767781772705712,
            "eigenVec_0": [
                -0.9130637361279635,
                -0.4077438966945856,
                0.0077154699377054254
            ],
            "eigenVec_1": [
                0.40767058605697226,
                -0.9120661033452792,
                0.04404675234933487
            ],
            "eigenVec_2": [
                0.010922775838098534,
                -0.043362862415596205,
                -0.9989996772427493
            ],
            "mixing_coeff_norm": 0.03984228172716358,
            "mu_x": -0.45332340433238955,
            "mu_y": -0.25997929760228916,
            "mu_z": -0.1407960509531254
        },
        "4": {
            "color": 1.4441183025658948,
            "eigenVal_0": 6.495850877536771e-07,
            "eigenVal_1": 0.0002878363415734059,
            "eigenVal_2": 0.39133965189530756,
            "eigenVec_0": [
                0.6539275017076818,
                -0.756359524013131,
                0.017294303830452985
            ],
            "eigenVec_1": [
                -0.756167234878312,
                -0.6526857605898978,
                0.04703627131985231
            ],
            "eigenVec_2": [
                -0.024288585937384075,
                -0.043835697300454814,
                -0.9987434586696152
            ],
            "mixing_coeff_norm": 0.08590768817265816,
            "mu_x": -0.46701858392915746,
            "mu_y": -0.3033667062132309,
            "mu_z": 2.0929646465922933
        }
    },
    "data": {
        "w": [
            1.0320974588394165,
            6.217773914337158,
            2.5142457485198975,
            2.2014946937561035,
            1.4333767890930176,
            1.2778986692428589,
            2.3874073028564453,
            14.497570037841797,
            16.937450408935547,
            60.85871505737305,
            2.04378080368042,
            1.595380187034607,
            1.080560326576233,
            1.9543437957763672,
            2.4182074069976807,
            2.243567943572998
        ],
        "x": [
            -0.41626712679862976,
            -0.41629546880722046,
            -0.4159592092037201,
            -0.43326398730278015,
            -0.43362870812416077,
            -0.4332771897315979,
            -0.4332963228225708,
            -0.4552852511405945,
            -0.4556664228439331,
            -0.45529910922050476,
            -0.4556834399700165,
            -0.47254127264022827,
            -0.472549170255661,
            -0.4729427695274353,
            -0.4725634753704071,
            -0.47296029329299927
        ],
        "y": [
            -0.026266446337103844,
            -0.23727947473526,
            -0.22011098265647888,
            -0.2891484498977661,
            -0.27179935574531555,
            -0.254634290933609,
            -0.22011874616146088,
            -0.28915005922317505,
            -0.2718108892440796,
            -0.2546358108520508,
            -0.237296462059021,
            -0.3236709535121918,
            -0.2891574800014496,
            -0.2718161344528198,
            -0.2546432316303253,
            -0.23730161786079407
        ],
        "z": [
            -0.8029685020446777,
            -0.047740936279296875,
            0.8725252151489258,
            -1.379572868347168,
            -1.6681599617004395,
            -0.800774097442627,
            -0.3964400291442871,
            -0.14389705657958984,
            0.041079044342041016,
            -0.2051382064819336,
            -2.1353611946105957,
            2.5757479667663574,
            1.5046582221984863,
            -1.6258049011230469,
            0.0642552375793457,
            0.07897615432739258
        ]
    }
}
