{
    "clusters": {
        "0": {
            "color": 1.7761969561156843,
            "eigenVal_0": 0.00020830915454247468,
            "eigenVal_1": 0.0029136631014331353,
            "eigenVal_2": 0.15461157997066055,
            "eigenVec_0": [
                0.9985924727226193,
                -0.046977814126773106,
                0.024620284352456664
            ],
            "eigenVec_1": [
                -0.04781459750650262,
                -0.9982575155437209,
                0.03457885084511793
            ],
            "eigenVec_2": [
                -0.02295294506194394,
                0.03570738915614151,
                0.9990986661349495
            ],
            "mixing_coeff_norm": 0.40612617705172727,
            "mu_x": -0.44692376491370395,
            "mu_y": -0.25450618358751387,
            "mu_z": -1.6005290393050995
        },
        "1": {
            "color": 1.775347439314661,
            "eigenVal_0": 0.0003115456153454567,
            "eigenVal_1": 0.0025377033183467267,
            "eigenVal_2": 0.6569602547780404,
            "eigenVec_0": [
                0.9652506853059558,
                0.2610381174155216,
                0.012256254425535908
            ],
            "eigenVec_1": [
                -0.2613245821745134,
                0.9643207828601184,
                0.04236614798827808
            ],
            "eigenVec_2": [
                0.0007597813495580852,
                0.04409681394623676,
                -0.9990269734757375
            ],
            "mixing_coeff_norm": 0.2158463332242928,
            "mu_x": -0.43078931407576176,
            "mu_y": -0.22967828018212325,
            "mu_z": 0.799710486143173
        },
        "2": {
            "color": 1.3764062044026737,
            "eigenVal_0": 3.9357949722273185e-05,
            "eigenVal_1": 0.010436024914138493,
            "eigenVal_2": 0.543310072893788,
            "eigenVec_0": [
                0.9967838017237427,
                -0.07996868442557332,
                0.0052021276806274285
            ],
            "eigenVec_1": [
                -0.0797519533828144,
                -0.9962550333234054,
                -0.033399618402104904
            ],
            "eigenVec_2": [
                -0.007853569429748585,
                -0.032877318762695784,
                0.9994285383949111
            ],
            "mixing_coeff_norm": 0.2522775198241582,
            "mu_x": -0.4245954695521909,
            "mu_y": -0.1714756109575943,
            "mu_z": -0.4260878084872835
        },
        "3": {
            "color": 14.912893854022995,
            "eigenVal_0": 8.385349543617678e-05,
            "eigenVal_1": 0.00024068001097170738,
            "eigenVal_2": 0.01213718836801738,
            "eigenVec_0": [
                -0.914222412988803,
                -0.40511651281884753,
                0.008831230402767249
            ],
            "eigenVec_1": [
                0.40509722700089407,
                -0.913224281254963,
                0.043790967134126266
            ],
            "eigenVec_2": [
                0.009675549861177864,
                -0.04361219058764122,
                -0.9990016819640648
            ],
            "mixing_coeff_norm": 0.03984228172716358,
            "mu_x": -0.4533098253860111,
            "mu_y": -0.2599379608748592,
            "mu_z": -0.14076527847099413
        },
        "4": {
            "color": 1.4884455837662995,
            "eigenVal_0": 9.481975056951067e-08,
            "eigenVal_1": 0.00023294350743997084,
            "eigenVal_2": 0.3548789286886057,
            "eigenVec_0": [
                0.6522301353328798,
                -0.7578045658919602,
                0.01811326798097641
            ],
            "eigenVec_1": [
                -0.7576280101015224,
                -0.6509364844416462,
                0.04776496134571927
            ],
            "eigenVec_2": [
                -0.02440591881615281,
                -0.04487686637955101,
                -0.998694356643058
            ],
            "mixing_coeff_norm": 0.08590768817265816,
            "mu_x": -0.46770704102565136,
            "mu_y": -0.30735092524979113,
            "mu_z": 2.19837475026439
        }
    },
    "data": {
        "w": [
            1.0320974588394165,
            6.217773914337158,
            2.5142457485198975,
            2.2014946937561035,
            1.4333767890930176,
            1.2778986692428589,
            2.3874073028564453,
            14.497570037841797,
            16.937450408935547,
            60.85871505737305,
            2.04378080368042,
            1.595380187034607,
            1.080560326576233,
            1.9543437957763672,
            2.4182074069976807,
            2.243567943572998
        ],
        "x": [
            -0.41626712679862976,
            -0.41629546880722046,
            -0.4159592092037201,
            -0.43326398730278015,
            -0.43362870812416077,
            -0.4332771897315979,
            -0.4332963228225708,
            -0.4552852511405945,
            -0.4556664228439331,
            -0.45529910922050476,
            -0.4556834399700165,
            -0.47254127264022827,
            -0.472549170255661,
            -0.4729427695274353,
            -0.4725634753704071,
            -0.47296029329299927
        ],
        "y": [
            -0.026266446337103844,
            -0.23727947473526,
            -0.22011098265647888,
            -0.2891484498977661,
            -0.27179935574531555,
            -0.254634290933609,
            -0.22011874616146088,
            -0.28915005922317505,
            -0.2718108892440796,
            -0.2546358108520508,
            -0.237296462059021,
            -0.3236709535121918,
            -0.2891574800014496,
            -0.2718161344528198,
            -0.2546432316303253,
            -0.23730161786079407
        ],
        "z": [
            -0.8029685020446777,
            -0.047740936279296875,
            0.8725252151489258,
            -1.379572868347168,
            -1.6681599617004395,
            -0.800774097442627,
            -0.3964400291442871,
            -0.14389705657958984,
            0.041079044342041016,
            -0.2051382064819336,
            -2.1353611946105957,
            2.5757479667663574,
            1.5046582221984863,
            -1.6258049011230469,
            0.0642552375793457,
            0.07897615432739258
        ]
    }
}
