{
	"clusters" : 
	{
		"0" : 
		{
			"eigenVal_0" : 7.7568215192640142e-05,
			"eigenVal_1" : 0.00065235580222692386,
			"eigenVal_2" : 0.46838230648293244,
			"eigenVec_0" : 
			[
				-0.99995617264443615,
				0.0078772745470410271,
				0.0050597762797425644
			],
			"eigenVec_1" : 
			[
				-0.0079071600704393574,
				-0.99995125013997466,
				-0.0059138957652681906
			],
			"eigenVec_2" : 
			[
				-0.0050129442357715551,
				0.0059536450358201451,
				-0.99996971179175065
			],
			"mixing_coeff_norm" : 0.40612617705172727,
			"mu_x" : 0.42595243652122766,
			"mu_y" : 1.4446081643302688,
			"mu_z" : 2.0394010349369216
		},
		"1" : 
		{
			"eigenVal_0" : 0.00034062609909913901,
			"eigenVal_1" : 0.0034464269785340214,
			"eigenVal_2" : 0.57490775684493312,
			"eigenVec_0" : 
			[
				0.98320801986816442,
				0.18247073950406451,
				0.0025335531894026641
			],
			"eigenVec_1" : 
			[
				-0.18246798073180021,
				0.9832109598551908,
				-0.0012823526403967342
			],
			"eigenVec_2" : 
			[
				0.0027250090977948564,
				-0.00079852706579031053,
				-0.9999959683318439
			],
			"mixing_coeff_norm" : 0.21584633322429281,
			"mu_x" : 0.43338626622226373,
			"mu_y" : 1.3733969142334244,
			"mu_z" : -0.35346125395619643
		},
		"2" : 
		{
			"eigenVal_0" : 0.00028676185348618116,
			"eigenVal_1" : 0.0023831927598088835,
			"eigenVal_2" : 0.7639340409696278,
			"eigenVec_0" : 
			[
				0.99360610191285181,
				0.11282642144422828,
				0.0041367699521888271
			],
			"eigenVec_1" : 
			[
				-0.11254811322941326,
				0.99272426956375048,
				-0.042795406618204974
			],
			"eigenVec_2" : 
			[
				0.0089351245121226247,
				-0.042056191496707411,
				-0.99907529261149586
			],
			"mixing_coeff_norm" : 0.25227751982415819,
			"mu_x" : 0.42963777182329704,
			"mu_y" : 1.3964488272266335,
			"mu_z" : 0.48765703566309626
		},
		"3" : 
		{
			"eigenVal_0" : 0.00019441463818163551,
			"eigenVal_1" : 0.0033466173710867009,
			"eigenVal_2" : 0.44012154376950369,
			"eigenVec_0" : 
			[
				-0.93123583315901637,
				0.36439966127469731,
				0.0035650951626869528
			],
			"eigenVec_1" : 
			[
				0.36406745367452331,
				0.93072626888241516,
				-0.034691520392843705
			],
			"eigenVec_2" : 
			[
				0.015959705999234925,
				0.031008051778596075,
				0.99939170924583642
			],
			"mixing_coeff_norm" : 0.03984228172716358,
			"mu_x" : 0.43261518892935874,
			"mu_y" : 1.3889040114549436,
			"mu_z" : -1.1049652573303468
		},
		"4" : 
		{
			"eigenVal_0" : 8.0185734250094156e-08,
			"eigenVal_1" : 1.6205971750050939e-05,
			"eigenVal_2" : 0.040579237638658276,
			"eigenVec_0" : 
			[
				-0.88735207786665171,
				0.46105478347233592,
				0.0058971639805827482
			],
			"eigenVec_1" : 
			[
				0.46092695882884049,
				0.88661828172270718,
				0.038136087107507696
			],
			"eigenVec_2" : 
			[
				-0.012354291988332737,
				-0.036558297995835452,
				0.99925515376059726
			],
			"mixing_coeff_norm" : 0.085907688172658161,
			"mu_x" : 0.41602313466314972,
			"mu_y" : 1.3021277721989213,
			"mu_z" : -4.5818800746130499
		}
	},
	"data" : 
	{
		"x" : 
		[
			0.3985753059387207,
			0.39890441298484802,
			0.41594076156616211,
			0.41592392325401306,
			0.41628715395927429,
			0.43327715992927551,
			0.43362873792648315,
			0.43361398577690125,
			0.43325972557067871,
			0.43362298607826233,
			0.45565110445022583,
			0.45528092980384827,
			0.45566049218177795
		],
		"y" : 
		[
			1.3361103534698486,
			1.3532791137695312,
			1.3016040325164795,
			1.4396573305130005,
			1.4913365840911865,
			1.3016119003295898,
			1.3187768459320068,
			1.3878029584884644,
			1.4396654367446899,
			1.4568284749984741,
			1.3878146409988403,
			1.4396671056747437,
			1.4568402767181396
		],
		"z" : 
		[
			0.18603706359863281,
			-1.5404295921325684,
			-4.595461368560791,
			2.8177618980407715,
			1.1124424934387207,
			-0.45620632171630859,
			-0.40603542327880859,
			0.78255224227905273,
			1.8779444694519043,
			2.0411462783813477,
			0.041565895080566406,
			-0.57735252380371094,
			-1.6553096771240234
		]
	}
}
