{
	"clusters" : 
	{
		"0" : 
		{
			"eigenVal_0" : 6.2912125113300223e-05,
			"eigenVal_1" : 0.00044167921964337028,
			"eigenVal_2" : 0.3671465940318091,
			"eigenVec_0" : 
			[
				0.99776934758123459,
				-0.066457031578576201,
				0.0063080885441413291
			],
			"eigenVec_1" : 
			[
				0.066437328114762703,
				0.99778519723779935,
				0.0032835356092631909
			],
			"eigenVec_2" : 
			[
				0.0065123314018837994,
				0.0028571186342304122,
				-0.99997471288669171
			],
			"mixing_coeff_norm" : 0.40612617705172727,
			"mu_x" : 0.42607689256961329,
			"mu_y" : 1.4466817508278602,
			"mu_z" : 2.1030172055203029
		},
		"1" : 
		{
			"eigenVal_0" : 0.00033049750528949283,
			"eigenVal_1" : 0.0034905154680627297,
			"eigenVal_2" : 0.93967390874471057,
			"eigenVec_0" : 
			[
				0.97762391874080368,
				-0.21035821740929311,
				0.00094544923674675751
			],
			"eigenVec_1" : 
			[
				-0.21035973079597442,
				-0.9776220387621718,
				0.0019831757209517616
			],
			"eigenVec_2" : 
			[
				-0.00050711470090569549,
				0.0021376844667916279,
				0.99999758656698812
			],
			"mixing_coeff_norm" : 0.21584633322429281,
			"mu_x" : 0.43302425853722937,
			"mu_y" : 1.3722961595806704,
			"mu_z" : -0.57677308422902851
		},
		"2" : 
		{
			"eigenVal_0" : 0.00030076887719061689,
			"eigenVal_1" : 0.0026079874212540134,
			"eigenVal_2" : 0.81249419120621313,
			"eigenVec_0" : 
			[
				0.99470574875383189,
				0.10269261960492775,
				0.003833963322239225
			],
			"eigenVec_1" : 
			[
				-0.10247043930220529,
				0.99399087925470631,
				-0.03849598716319149
			],
			"eigenVec_2" : 
			[
				0.0077641783397687861,
				-0.037899311829281766,
				-0.99925139964754373
			],
			"mixing_coeff_norm" : 0.25227751982415819,
			"mu_x" : 0.42955965761895631,
			"mu_y" : 1.395588681577127,
			"mu_z" : 0.40923301194480538
		},
		"3" : 
		{
			"eigenVal_0" : 0.00018471255846510301,
			"eigenVal_1" : 0.0028181114217643516,
			"eigenVal_2" : 2.9744349647934962,
			"eigenVec_0" : 
			[
				0.96059466138421479,
				-0.27791194677523751,
				0.004779786579284964
			],
			"eigenVec_1" : 
			[
				-0.27794906471094982,
				-0.96034680238334413,
				0.021870907123268779
			],
			"eigenVec_2" : 
			[
				0.0014879336188768633,
				0.022337613831472074,
				0.99974937712501832
			],
			"mixing_coeff_norm" : 0.03984228172716358,
			"mu_x" : 0.42585562637882729,
			"mu_y" : 1.3565822609544729,
			"mu_z" : -2.5470559646022886
		}
	},
	"data" : 
	{
		"x" : 
		[
			0.3985753059387207,
			0.39890441298484802,
			0.41594076156616211,
			0.41592392325401306,
			0.41628715395927429,
			0.43327715992927551,
			0.43362873792648315,
			0.43361398577690125,
			0.43325972557067871,
			0.43362298607826233,
			0.45565110445022583,
			0.45528092980384827,
			0.45566049218177795
		],
		"y" : 
		[
			1.3361103534698486,
			1.3532791137695312,
			1.3016040325164795,
			1.4396573305130005,
			1.4913365840911865,
			1.3016119003295898,
			1.3187768459320068,
			1.3878029584884644,
			1.4396654367446899,
			1.4568284749984741,
			1.3878146409988403,
			1.4396671056747437,
			1.4568402767181396
		],
		"z" : 
		[
			0.18603706359863281,
			-1.5404295921325684,
			-4.595461368560791,
			2.8177618980407715,
			1.1124424934387207,
			-0.45620632171630859,
			-0.40603542327880859,
			0.78255224227905273,
			1.8779444694519043,
			2.0411462783813477,
			0.041565895080566406,
			-0.57735252380371094,
			-1.6553096771240234
		]
	}
}
