{
	"clusters" : 
	{
		"0" : 
		{
			"eigenVal_0" : 5.2094449297490359e-05,
			"eigenVal_1" : 0.00029199778387586591,
			"eigenVal_2" : 0.30832586864135375,
			"eigenVec_0" : 
			[
				0.9950385820263683,
				-0.09913430157883181,
				0.0084030071659955477
			],
			"eigenVec_1" : 
			[
				0.099070846594030662,
				0.99505090397747642,
				0.0076593634689130748
			],
			"eigenVec_2" : 
			[
				0.0091207255246821932,
				0.0067888691314608339,
				-0.99993535972172687
			],
			"mixing_coeff_norm" : 0.40612617705172727,
			"mu_x" : 0.42611654837204349,
			"mu_y" : 1.4469111392850023,
			"mu_z" : 2.167289641343535
		},
		"1" : 
		{
			"eigenVal_0" : 0.00035176699257605145,
			"eigenVal_1" : 0.003571830252488199,
			"eigenVal_2" : 0.69379841968749822,
			"eigenVec_0" : 
			[
				-0.97663335181534472,
				-0.21491095704117905,
				0.00075938499449369377
			],
			"eigenVec_1" : 
			[
				0.21491069569844778,
				-0.97660632322598484,
				0.0073131600169178863
			],
			"eigenVec_2" : 
			[
				0.00083005803084562667,
				-0.0073054759371540302,
				-0.99997297014719233
			],
			"mixing_coeff_norm" : 0.21584633322429281,
			"mu_x" : 0.43288018602597261,
			"mu_y" : 1.3795321096422299,
			"mu_z" : -0.56843961999762682
		},
		"2" : 
		{
			"eigenVal_0" : 0.00029523458767678447,
			"eigenVal_1" : 0.0026097791805067966,
			"eigenVal_2" : 0.78911116879911258,
			"eigenVec_0" : 
			[
				0.9944451230817638,
				0.10517169076841917,
				0.0042205023169335446
			],
			"eigenVec_1" : 
			[
				-0.1049237547506304,
				0.99369072069192765,
				-0.039620162793556839
			],
			"eigenVec_2" : 
			[
				0.0083607934985140686,
				-0.038957246715732322,
				-0.99920589973258522
			],
			"mixing_coeff_norm" : 0.25227751982415819,
			"mu_x" : 0.42975915924605385,
			"mu_y" : 1.3955465160591629,
			"mu_z" : 0.41182856826994824
		},
		"3" : 
		{
			"eigenVal_0" : 8.3339306146064021e-05,
			"eigenVal_1" : 0.0013344146196538052,
			"eigenVal_2" : 2.4466816802044415,
			"eigenVec_0" : 
			[
				0.95418476943398967,
				-0.2991828195009274,
				0.0045898034467312578
			],
			"eigenVec_1" : 
			[
				-0.2991991922880442,
				-0.95384036693012131,
				0.025853389502986799
			],
			"eigenVec_2" : 
			[
				0.0033569501613920482,
				0.026042175986017678,
				0.99965520853718715
			],
			"mixing_coeff_norm" : 0.03984228172716358,
			"mu_x" : 0.42060694155440881,
			"mu_y" : 1.3293796582702511,
			"mu_z" : -3.6305049862000769
		}
	},
	"data" : 
	{
		"x" : 
		[
			0.3985753059387207,
			0.39890441298484802,
			0.41594076156616211,
			0.41592392325401306,
			0.41628715395927429,
			0.43327715992927551,
			0.43362873792648315,
			0.43361398577690125,
			0.43325972557067871,
			0.43362298607826233,
			0.45565110445022583,
			0.45528092980384827,
			0.45566049218177795
		],
		"y" : 
		[
			1.3361103534698486,
			1.3532791137695312,
			1.3016040325164795,
			1.4396573305130005,
			1.4913365840911865,
			1.3016119003295898,
			1.3187768459320068,
			1.3878029584884644,
			1.4396654367446899,
			1.4568284749984741,
			1.3878146409988403,
			1.4396671056747437,
			1.4568402767181396
		],
		"z" : 
		[
			0.18603706359863281,
			-1.5404295921325684,
			-4.595461368560791,
			2.8177618980407715,
			1.1124424934387207,
			-0.45620632171630859,
			-0.40603542327880859,
			0.78255224227905273,
			1.8779444694519043,
			2.0411462783813477,
			0.041565895080566406,
			-0.57735252380371094,
			-1.6553096771240234
		]
	}
}
