{
	"clusters" : 
	{
		"0" : 
		{
			"eigenVal_0" : 4.0296387904535744e-05,
			"eigenVal_1" : 0.00018396382841329398,
			"eigenVal_2" : 0.2617089187539034,
			"eigenVec_0" : 
			[
				0.99162762047038544,
				-0.12864771081890036,
				0.011154766752293939
			],
			"eigenVec_1" : 
			[
				0.12853678421130682,
				0.99165278520898681,
				0.010151290158171547
			],
			"eigenVec_2" : 
			[
				0.012367595758976054,
				0.0086325018572848081,
				-0.99988625477442528
			],
			"mixing_coeff_norm" : 0.40612617705172727,
			"mu_x" : 0.42607242284307167,
			"mu_y" : 1.4466085134197988,
			"mu_z" : 2.2265169258823896
		},
		"1" : 
		{
			"eigenVal_0" : 0.00035214294493723301,
			"eigenVal_1" : 0.0035320457531672757,
			"eigenVal_2" : 0.67650218082411839,
			"eigenVec_0" : 
			[
				0.9759836423214564,
				0.21784134817115888,
				0.0010377610107130978
			],
			"eigenVec_1" : 
			[
				-0.21784200270077989,
				0.97594496759434102,
				0.0087339616780711862
			],
			"eigenVec_2" : 
			[
				-0.00088982035085526665,
				0.0087502716673586497,
				-0.99996131973466384
			],
			"mixing_coeff_norm" : 0.21584633322429281,
			"mu_x" : 0.43287252622338346,
			"mu_y" : 1.3793202687073662,
			"mu_z" : -0.56548019263866689
		},
		"2" : 
		{
			"eigenVal_0" : 0.00027944959371208262,
			"eigenVal_1" : 0.0024580068684240341,
			"eigenVal_2" : 0.83256939511630224,
			"eigenVec_0" : 
			[
				0.99744487362690026,
				0.071361932740833162,
				0.0033464355529038703
			],
			"eigenVec_1" : 
			[
				-0.071170376094038867,
				0.99665321405908447,
				-0.040213784605893699
			],
			"eigenVec_2" : 
			[
				0.0062049691417434133,
				-0.03987286622741007,
				-0.99918549473897023
			],
			"mixing_coeff_norm" : 0.25227751982415819,
			"mu_x" : 0.42891028794640562,
			"mu_y" : 1.4044956297779849,
			"mu_z" : 0.58360341763477952
		},
		"3" : 
		{
			"eigenVal_0" : 1.7500974228898826e-06,
			"eigenVal_1" : 5.411778739341048e-05,
			"eigenVal_2" : 0.12650274794099248,
			"eigenVec_0" : 
			[
				0.91553116478614782,
				-0.40221065064717559,
				0.0054109898627766103
			],
			"eigenVec_1" : 
			[
				-0.40214635363492934,
				-0.91491819573383804,
				0.034684367851649231
			],
			"eigenVec_2" : 
			[
				0.0089998090785121769,
				0.033930629541962902,
				0.99938366797513589
			],
			"mixing_coeff_norm" : 0.03984228172716358,
			"mu_x" : 0.41617085303539791,
			"mu_y" : 1.3030813938300789,
			"mu_z" : -4.5541528590740352
		}
	},
	"data" : 
	{
		"x" : 
		[
			0.3985753059387207,
			0.39890441298484802,
			0.41594076156616211,
			0.41592392325401306,
			0.41628715395927429,
			0.43327715992927551,
			0.43362873792648315,
			0.43361398577690125,
			0.43325972557067871,
			0.43362298607826233,
			0.45565110445022583,
			0.45528092980384827,
			0.45566049218177795
		],
		"y" : 
		[
			1.3361103534698486,
			1.3532791137695312,
			1.3016040325164795,
			1.4396573305130005,
			1.4913365840911865,
			1.3016119003295898,
			1.3187768459320068,
			1.3878029584884644,
			1.4396654367446899,
			1.4568284749984741,
			1.3878146409988403,
			1.4396671056747437,
			1.4568402767181396
		],
		"z" : 
		[
			0.18603706359863281,
			-1.5404295921325684,
			-4.595461368560791,
			2.8177618980407715,
			1.1124424934387207,
			-0.45620632171630859,
			-0.40603542327880859,
			0.78255224227905273,
			1.8779444694519043,
			2.0411462783813477,
			0.041565895080566406,
			-0.57735252380371094,
			-1.6553096771240234
		]
	}
}
