{
	"clusters" : 
	{
		"0" : 
		{
			"eigenVal_0" : 3.204283367697018e-05,
			"eigenVal_1" : 0.00013304084311914849,
			"eigenVal_2" : 0.23836464270478536,
			"eigenVec_0" : 
			[
				0.99052517950724961,
				-0.13669501595930392,
				0.013203839366512383
			],
			"eigenVec_1" : 
			[
				0.13655510239299384,
				0.99057165586551432,
				0.010977185718205088
			],
			"eigenVec_2" : 
			[
				0.01457987560200674,
				0.00907012721733488,
				-0.99985256914191667
			],
			"mixing_coeff_norm" : 0.40612617705172727,
			"mu_x" : 0.42587564770173947,
			"mu_y" : 1.4462347372332305,
			"mu_z" : 2.26706756705472
		},
		"1" : 
		{
			"eigenVal_0" : 0.00032081761395034097,
			"eigenVal_1" : 0.0033610408048668616,
			"eigenVal_2" : 2.4543733991996191,
			"eigenVec_0" : 
			[
				0.97969265939261863,
				-0.20048926931006339,
				0.0025191315439093385
			],
			"eigenVec_1" : 
			[
				-0.20050497937181586,
				-0.97960127324447777,
				0.013382776427403481
			],
			"eigenVec_2" : 
			[
				0.00021535859938618174,
				0.013616106246466418,
				0.99990727333656204
			],
			"mixing_coeff_norm" : 0.21584633322429281,
			"mu_x" : 0.43052775917789293,
			"mu_y" : 1.3702171506168754,
			"mu_z" : -0.96357042208839572
		},
		"2" : 
		{
			"eigenVal_0" : 0.00022282635479271606,
			"eigenVal_1" : 0.0020841286901123108,
			"eigenVal_2" : 0.80431214388796601,
			"eigenVec_0" : 
			[
				-0.99997593724398115,
				-0.0066832537250385076,
				0.0018598528620793608
			],
			"eigenVec_1" : 
			[
				0.0066045006864472004,
				-0.99919614051303662,
				-0.039540528000197687
			],
			"eigenVec_2" : 
			[
				-0.0021226171827591687,
				0.039527293146615468,
				-0.99921623665390735
			],
			"mixing_coeff_norm" : 0.25227751982415819,
			"mu_x" : 0.42790097100754498,
			"mu_y" : 1.4199192489156556,
			"mu_z" : 0.93709872833341357
		}
	},
	"data" : 
	{
		"x" : 
		[
			0.3985753059387207,
			0.39890441298484802,
			0.41594076156616211,
			0.41592392325401306,
			0.41628715395927429,
			0.43327715992927551,
			0.43362873792648315,
			0.43361398577690125,
			0.43325972557067871,
			0.43362298607826233,
			0.45565110445022583,
			0.45528092980384827,
			0.45566049218177795
		],
		"y" : 
		[
			1.3361103534698486,
			1.3532791137695312,
			1.3016040325164795,
			1.4396573305130005,
			1.4913365840911865,
			1.3016119003295898,
			1.3187768459320068,
			1.3878029584884644,
			1.4396654367446899,
			1.4568284749984741,
			1.3878146409988403,
			1.4396671056747437,
			1.4568402767181396
		],
		"z" : 
		[
			0.18603706359863281,
			-1.5404295921325684,
			-4.595461368560791,
			2.8177618980407715,
			1.1124424934387207,
			-0.45620632171630859,
			-0.40603542327880859,
			0.78255224227905273,
			1.8779444694519043,
			2.0411462783813477,
			0.041565895080566406,
			-0.57735252380371094,
			-1.6553096771240234
		]
	}
}
