{
	"clusters" : 
	{
		"0" : 
		{
			"eigenVal_0" : 2.6261791614308424e-05,
			"eigenVal_1" : 0.00010730434151634559,
			"eigenVal_2" : 0.23331800775142517,
			"eigenVec_0" : 
			[
				0.99793442855537118,
				-0.062538245815743077,
				0.01469163415535962
			],
			"eigenVec_1" : 
			[
				0.062386783333617399,
				0.99799627125435075,
				0.010551389846704198
			],
			"eigenVec_2" : 
			[
				0.015322061517612885,
				0.0096130314002686144,
				-0.99983639864637264
			],
			"mixing_coeff_norm" : 0.40612617705172727,
			"mu_x" : 0.42423914233005416,
			"mu_y" : 1.4451407714999998,
			"mu_z" : 2.3681361554767233
		},
		"1" : 
		{
			"eigenVal_0" : 0.00029726130561898162,
			"eigenVal_1" : 0.0027258595285248404,
			"eigenVal_2" : 3.4089098974463647,
			"eigenVec_0" : 
			[
				0.98895093491283859,
				-0.14824304092829321,
				0.00022170104865271121
			],
			"eigenVec_1" : 
			[
				-0.14821926125263291,
				-0.98876320662018113,
				0.01945178212659706
			],
			"eigenVec_2" : 
			[
				0.0026643814941444731,
				0.019269718485469572,
				0.99981077160667975
			],
			"mixing_coeff_norm" : 0.21584633322429281,
			"mu_x" : 0.42922375472834873,
			"mu_y" : 1.392926128783464,
			"mu_z" : -0.039045576502832462
		}
	},
	"data" : 
	{
		"x" : 
		[
			0.3985753059387207,
			0.39890441298484802,
			0.41594076156616211,
			0.41592392325401306,
			0.41628715395927429,
			0.43327715992927551,
			0.43362873792648315,
			0.43361398577690125,
			0.43325972557067871,
			0.43362298607826233,
			0.45565110445022583,
			0.45528092980384827,
			0.45566049218177795
		],
		"y" : 
		[
			1.3361103534698486,
			1.3532791137695312,
			1.3016040325164795,
			1.4396573305130005,
			1.4913365840911865,
			1.3016119003295898,
			1.3187768459320068,
			1.3878029584884644,
			1.4396654367446899,
			1.4568284749984741,
			1.3878146409988403,
			1.4396671056747437,
			1.4568402767181396
		],
		"z" : 
		[
			0.18603706359863281,
			-1.5404295921325684,
			-4.595461368560791,
			2.8177618980407715,
			1.1124424934387207,
			-0.45620632171630859,
			-0.40603542327880859,
			0.78255224227905273,
			1.8779444694519043,
			2.0411462783813477,
			0.041565895080566406,
			-0.57735252380371094,
			-1.6553096771240234
		]
	}
}
