{
	"clusters" : 
	{
		"0" : 
		{
			"eigenVal_0" : 0.00029637263865068891,
			"eigenVal_1" : 0.0027155628020938366,
			"eigenVal_2" : 3.4202131329028349,
			"eigenVec_0" : 
			[
				0.98894239377027426,
				-0.14830003921335369,
				0.00020043262838728462
			],
			"eigenVec_1" : 
			[
				-0.14827581870243636,
				-0.98875457878608031,
				0.019459304141803468
			],
			"eigenVec_2" : 
			[
				0.0026876368882378316,
				0.01927385013116751,
				0.9998106297239886
			],
			"mixing_coeff_norm" : 0.40612617705172727,
			"mu_x" : 0.4292020522631132,
			"mu_y" : 1.3931534657111535,
			"mu_z" : -0.028564966641939606
		}
	},
	"data" : 
	{
		"x" : 
		[
			0.3985753059387207,
			0.39890441298484802,
			0.41594076156616211,
			0.41592392325401306,
			0.41628715395927429,
			0.43327715992927551,
			0.43362873792648315,
			0.43361398577690125,
			0.43325972557067871,
			0.43362298607826233,
			0.45565110445022583,
			0.45528092980384827,
			0.45566049218177795
		],
		"y" : 
		[
			1.3361103534698486,
			1.3532791137695312,
			1.3016040325164795,
			1.4396573305130005,
			1.4913365840911865,
			1.3016119003295898,
			1.3187768459320068,
			1.3878029584884644,
			1.4396654367446899,
			1.4568284749984741,
			1.3878146409988403,
			1.4396671056747437,
			1.4568402767181396
		],
		"z" : 
		[
			0.18603706359863281,
			-1.5404295921325684,
			-4.595461368560791,
			2.8177618980407715,
			1.1124424934387207,
			-0.45620632171630859,
			-0.40603542327880859,
			0.78255224227905273,
			1.8779444694519043,
			2.0411462783813477,
			0.041565895080566406,
			-0.57735252380371094,
			-1.6553096771240234
		]
	}
}
