{
	"clusters" : 
	{
		"0" : 
		{
			"eigenVal_0" : 0.0090909019419364006,
			"eigenVal_1" : 0.60473359620304867,
			"eigenVal_2" : 1.4693464071331415,
			"eigenVec_0" : 
			[
				6.9939468801227922e-05,
				-0.99997851907164459,
				-0.0065541211273062172
			],
			"eigenVec_1" : 
			[
				-0.99999808274779356,
				-8.2763846252889684e-05,
				0.0019564383156710288
			],
			"eigenVec_2" : 
			[
				0.0019569387338332651,
				-0.0065539717291464867,
				0.99997660764908181
			],
			"mixing_coeff_norm" : 0.40612617705172727,
			"mu_x" : 1.4622773706981247,
			"mu_y" : -1.3976716195981738,
			"mu_z" : -0.79404434983807748
		},
		"1" : 
		{
			"eigenVal_0" : 0.0090774384396084123,
			"eigenVal_1" : 0.60473209830314234,
			"eigenVal_2" : 1.5371996618211035,
			"eigenVec_0" : 
			[
				4.6750703178681757e-05,
				-0.99997582657952711,
				-0.0069529900735890013
			],
			"eigenVec_1" : 
			[
				-0.99999421822599577,
				-7.0390827974511458e-05,
				0.0033997881861703998
			],
			"eigenVec_2" : 
			[
				0.0034001954283894562,
				-0.0069527909304833791,
				0.99997004823610869
			],
			"mixing_coeff_norm" : 0.21584633322429281,
			"mu_x" : 1.4600772994918094,
			"mu_y" : -1.3960232649857576,
			"mu_z" : -0.61243743767244996
		},
		"2" : 
		{
			"eigenVal_0" : 0.010170601890148403,
			"eigenVal_1" : 0.60459944600171178,
			"eigenVal_2" : 2.2570576710278818,
			"eigenVec_0" : 
			[
				0.00015076206834486628,
				-0.99998452435672458,
				-0.0055613233905092586
			],
			"eigenVec_1" : 
			[
				0.99995268124094205,
				9.6658176802182197e-05,
				0.0097275863526445645
			],
			"eigenVec_2" : 
			[
				0.0097268982646087111,
				0.0055625267866262233,
				-0.99993722090234138
			],
			"mixing_coeff_norm" : 0.25227751982415819,
			"mu_x" : 1.4712243258221898,
			"mu_y" : -1.3813970940739266,
			"mu_z" : -5.9988402491511525
		},
		"3" : 
		{
			"eigenVal_0" : 0.009063962455277361,
			"eigenVal_1" : 0.60472581366950828,
			"eigenVal_2" : 1.5801239680344308,
			"eigenVec_0" : 
			[
				2.7583186436270342e-05,
				-0.99997483159043687,
				-0.0070947462847945134
			],
			"eigenVec_1" : 
			[
				-0.99998913942095824,
				-6.0647272255590221e-05,
				0.0046601890562555821
			],
			"eigenVec_2" : 
			[
				0.004660502043717955,
				-0.007094540688878135,
				0.99996397295758366
			],
			"mixing_coeff_norm" : 0.03984228172716358,
			"mu_x" : 1.4576906999261412,
			"mu_y" : -1.393786565581981,
			"mu_z" : -0.413747106676563
		}
	},
	"data" : 
	{
		"w" : 
		[
			1.0,
			1.0,
			1.0,
			1.0,
			1.0,
			1.0,
			1.0,
			1.0,
			1.0,
			1.0,
			1.0,
			1.0,
			1.0,
			1.0,
			1.0
		],
		"x" : 
		[
			1.4424395561218262,
			1.4432195425033569,
			1.442436695098877,
			1.4432229995727539,
			1.4595597982406616,
			1.4603426456451416,
			1.4595568180084229,
			1.4603461027145386,
			1.4595667123794556,
			1.4774497747421265,
			1.4766546487808228,
			1.4774402379989624,
			1.4766515493392944,
			1.4774436950683594,
			1.4766615629196167
		],
		"y" : 
		[
			-1.4216434955596924,
			-1.4044579267501831,
			-1.387128472328186,
			-1.3699431419372559,
			-1.4216413497924805,
			-1.4044563770294189,
			-1.3871263265609741,
			-1.3699417114257812,
			-1.3526110649108887,
			-1.4389697313308716,
			-1.4216393232345581,
			-1.4044549465179443,
			-1.3871241807937622,
			-1.3699401617050171,
			-1.3526089191436768
		],
		"z" : 
		[
			-0.10650539398193359,
			-0.86885929107666016,
			0.064123153686523438,
			0.97062301635742188,
			-1.5015583038330078,
			-0.57343864440917969,
			-0.69714641571044922,
			0.1302947998046875,
			-7.5789699554443359,
			-5.2425069808959961,
			-1.3140678405761719,
			-0.79745197296142578,
			-0.70376777648925781,
			-1.8082866668701172,
			-5.1822500228881836
		]
	}
}
