{
	"clusters" : 
	{
		"0" : 
		{
			"eigenVal_0" : 0.0090816916247356983,
			"eigenVal_1" : 0.60473380074576599,
			"eigenVal_2" : 1.5019024046806571,
			"eigenVec_0" : 
			[
				5.7166033060696638e-05,
				-0.999977129909004,
				-0.0067628685478562656
			],
			"eigenVec_1" : 
			[
				-0.99999628667676499,
				-7.5590525464202315e-05,
				0.0027241363316323126
			],
			"eigenVec_2" : 
			[
				0.0027245852391734799,
				-0.0067626877070717534,
				0.99997342099190356
			],
			"mixing_coeff_norm" : 0.40612617705172727,
			"mu_x" : 1.4611399712982638,
			"mu_y" : -1.3969540099592221,
			"mu_z" : -0.70040916507714712
		},
		"1" : 
		{
			"eigenVal_0" : 0.0090814032290464364,
			"eigenVal_1" : 0.60473102114482158,
			"eigenVal_2" : 1.5601974766575983,
			"eigenVec_0" : 
			[
				4.5256316695728061e-05,
				-0.99997546196635245,
				-0.0070052421118394518
			],
			"eigenVec_1" : 
			[
				-0.99999396127244156,
				-6.9597892884400332e-05,
				0.0034745610922804222
			],
			"eigenVec_2" : 
			[
				0.0034749633834737816,
				-0.0070050425632536923,
				0.99996942653671683
			],
			"mixing_coeff_norm" : 0.21584633322429281,
			"mu_x" : 1.45999992403402,
			"mu_y" : -1.3957805957474303,
			"mu_z" : -0.60621988646505043
		},
		"2" : 
		{
			"eigenVal_0" : 0.010170236402048807,
			"eigenVal_1" : 0.60459935523926722,
			"eigenVal_2" : 2.2548402588930681,
			"eigenVec_0" : 
			[
				0.00015068556035359142,
				-0.99998447050723482,
				-0.0055709997511745662
			],
			"eigenVec_1" : 
			[
				0.99995255697273966,
				9.641639566936677e-05,
				0.0097403545909969559
			],
			"eigenVec_2" : 
			[
				0.0097396661925146285,
				0.0055722031768710815,
				-0.99993704274529915
			],
			"mixing_coeff_norm" : 0.25227751982415819,
			"mu_x" : 1.471220756837883,
			"mu_y" : -1.3813903649210781,
			"mu_z" : -5.9999324501411992
		},
		"3" : 
		{
			"eigenVal_0" : 0.0090715206503072833,
			"eigenVal_1" : 0.60472944092357406,
			"eigenVal_2" : 1.5664431050003484,
			"eigenVec_0" : 
			[
				3.6315131599137675e-05,
				-0.99997505393485198,
				-0.0070632987478547703
			],
			"eigenVec_1" : 
			[
				-0.99999173833085964,
				-6.5024259658236691e-05,
				0.004064362418763956
			],
			"eigenVec_2" : 
			[
				0.0040647203146860966,
				-0.007063092795361361,
				0.99996679483317219
			],
			"mixing_coeff_norm" : 0.03984228172716358,
			"mu_x" : 1.4589210613898485,
			"mu_y" : -1.3949650099752082,
			"mu_z" : -0.51626867771843454
		}
	},
	"data" : 
	{
		"w" : 
		[
			1.0,
			1.0,
			1.0,
			1.0,
			1.0,
			1.0,
			1.0,
			1.0,
			1.0,
			1.0,
			1.0,
			1.0,
			1.0,
			1.0,
			1.0
		],
		"x" : 
		[
			1.4424395561218262,
			1.4432195425033569,
			1.442436695098877,
			1.4432229995727539,
			1.4595597982406616,
			1.4603426456451416,
			1.4595568180084229,
			1.4603461027145386,
			1.4595667123794556,
			1.4774497747421265,
			1.4766546487808228,
			1.4774402379989624,
			1.4766515493392944,
			1.4774436950683594,
			1.4766615629196167
		],
		"y" : 
		[
			-1.4216434955596924,
			-1.4044579267501831,
			-1.387128472328186,
			-1.3699431419372559,
			-1.4216413497924805,
			-1.4044563770294189,
			-1.3871263265609741,
			-1.3699417114257812,
			-1.3526110649108887,
			-1.4389697313308716,
			-1.4216393232345581,
			-1.4044549465179443,
			-1.3871241807937622,
			-1.3699401617050171,
			-1.3526089191436768
		],
		"z" : 
		[
			-0.10650539398193359,
			-0.86885929107666016,
			0.064123153686523438,
			0.97062301635742188,
			-1.5015583038330078,
			-0.57343864440917969,
			-0.69714641571044922,
			0.1302947998046875,
			-7.5789699554443359,
			-5.2425069808959961,
			-1.3140678405761719,
			-0.79745197296142578,
			-0.70376777648925781,
			-1.8082866668701172,
			-5.1822500228881836
		]
	}
}
