{
	"clusters" : 
	{
		"0" : 
		{
			"eigenVal_0" : 0.0090706364263411325,
			"eigenVal_1" : 0.60473511548612136,
			"eigenVal_2" : 1.4849934076945162,
			"eigenVec_0" : 
			[
				5.3229646567544996e-05,
				-0.99997742646984622,
				-0.0067189074519661274
			],
			"eigenVec_1" : 
			[
				-0.99999565031755522,
				-7.304217100950675e-05,
				0.002948560803374951
			],
			"eigenVec_2" : 
			[
				0.0029489850075357371,
				-0.0067187212760028894,
				0.99997308077359803
			],
			"mixing_coeff_norm" : 0.40612617705172727,
			"mu_x" : 1.4607036064322689,
			"mu_y" : -1.3969363258157368,
			"mu_z" : -0.66427472174963309
		},
		"1" : 
		{
			"eigenVal_0" : 0.0090818003313416149,
			"eigenVal_1" : 0.60473094403660532,
			"eigenVal_2" : 1.5682719264797624,
			"eigenVec_0" : 
			[
				4.4663233812411519e-05,
				-0.99997557963108719,
				-0.006988429485017638
			],
			"eigenVec_1" : 
			[
				-0.99999392014371469,
				-6.9029034008660274e-05,
				0.0034863893354078719
			],
			"eigenVec_2" : 
			[
				0.0034867866010302715,
				-0.0069882312829486551,
				0.99996950300633414
			],
			"mixing_coeff_norm" : 0.21584633322429281,
			"mu_x" : 1.4599595800649314,
			"mu_y" : -1.3957368784146407,
			"mu_z" : -0.60379655358036244
		},
		"2" : 
		{
			"eigenVal_0" : 0.010169537813069826,
			"eigenVal_1" : 0.6045992927763193,
			"eigenVal_2" : 2.2536930859027127,
			"eigenVec_0" : 
			[
				0.00015065713033006692,
				-0.99998442816857769,
				-0.0055785950553197336
			],
			"eigenVec_1" : 
			[
				0.99995243039177706,
				9.6241513691832956e-05,
				0.00975334256289314
			],
			"eigenVec_2" : 
			[
				0.0097526537930545561,
				0.0055797990943401658,
				-0.99993687380057095
			],
			"mixing_coeff_norm" : 0.25227751982415819,
			"mu_x" : 1.4712134496975868,
			"mu_y" : -1.3813775059681173,
			"mu_z" : -6.0013754384470053
		},
		"3" : 
		{
			"eigenVal_0" : 0.0090698841457293386,
			"eigenVal_1" : 0.60473222128757731,
			"eigenVal_2" : 1.5316099556944325,
			"eigenVec_0" : 
			[
				4.2476908396643745e-05,
				-0.99997595345144197,
				-0.0069347469018021793
			],
			"eigenVec_1" : 
			[
				-0.99999326256196108,
				-6.7930020320641229e-05,
				0.0036701793140264984
			],
			"eigenVec_2" : 
			[
				0.003670562136379364,
				-0.0069345442815040934,
				0.99996921906087255
			],
			"mixing_coeff_norm" : 0.03984228172716358,
			"mu_x" : 1.4595547780372935,
			"mu_y" : -1.3957730117759708,
			"mu_z" : -0.5696244970039992
		}
	},
	"data" : 
	{
		"w" : 
		[
			1.0,
			1.0,
			1.0,
			1.0,
			1.0,
			1.0,
			1.0,
			1.0,
			1.0,
			1.0,
			1.0,
			1.0,
			1.0,
			1.0,
			1.0
		],
		"x" : 
		[
			1.4424395561218262,
			1.4432195425033569,
			1.442436695098877,
			1.4432229995727539,
			1.4595597982406616,
			1.4603426456451416,
			1.4595568180084229,
			1.4603461027145386,
			1.4595667123794556,
			1.4774497747421265,
			1.4766546487808228,
			1.4774402379989624,
			1.4766515493392944,
			1.4774436950683594,
			1.4766615629196167
		],
		"y" : 
		[
			-1.4216434955596924,
			-1.4044579267501831,
			-1.387128472328186,
			-1.3699431419372559,
			-1.4216413497924805,
			-1.4044563770294189,
			-1.3871263265609741,
			-1.3699417114257812,
			-1.3526110649108887,
			-1.4389697313308716,
			-1.4216393232345581,
			-1.4044549465179443,
			-1.3871241807937622,
			-1.3699401617050171,
			-1.3526089191436768
		],
		"z" : 
		[
			-0.10650539398193359,
			-0.86885929107666016,
			0.064123153686523438,
			0.97062301635742188,
			-1.5015583038330078,
			-0.57343864440917969,
			-0.69714641571044922,
			0.1302947998046875,
			-7.5789699554443359,
			-5.2425069808959961,
			-1.3140678405761719,
			-0.79745197296142578,
			-0.70376777648925781,
			-1.8082866668701172,
			-5.1822500228881836
		]
	}
}
