{
	"clusters" : 
	{
		"0" : 
		{
			"eigenVal_0" : 0.0090834403384730499,
			"eigenVal_1" : 0.60473139191218284,
			"eigenVal_2" : 1.5959774586481654,
			"eigenVec_0" : 
			[
				4.4483258641982147e-05,
				-0.99997651084255412,
				-0.0068538882680409764
			],
			"eigenVec_1" : 
			[
				-0.99999427412516739,
				-6.7673777354592494e-05,
				0.0033833618103025057
			],
			"eigenVec_2" : 
			[
				0.0033837461664930229,
				-0.0068536985205761491,
				0.99997078811256779
			],
			"mixing_coeff_norm" : 0.40612617705172727,
			"mu_x" : 1.4599803421229645,
			"mu_y" : -1.3957820577454176,
			"mu_z" : -0.61072238686503388
		},
		"1" : 
		{
			"eigenVal_0" : 0.010165874437552246,
			"eigenVal_1" : 0.60459917685139564,
			"eigenVal_2" : 2.2540809115321938,
			"eigenVec_0" : 
			[
				0.00015075031349579373,
				-0.9999843276749929,
				-0.0055965774126170067
			],
			"eigenVec_1" : 
			[
				0.99995201681032253,
				9.5922436406822403e-05,
				0.009795655968608907
			],
			"eigenVec_2" : 
			[
				0.00979496561056384,
				0.0055977855691896599,
				-0.99993635969766093
			],
			"mixing_coeff_norm" : 0.21584633322429281,
			"mu_x" : 1.4711740975357099,
			"mu_y" : -1.3813073960042954,
			"mu_z" : -6.0076252688284271
		}
	},
	"data" : 
	{
		"w" : 
		[
			1.0,
			1.0,
			1.0,
			1.0,
			1.0,
			1.0,
			1.0,
			1.0,
			1.0,
			1.0,
			1.0,
			1.0,
			1.0,
			1.0,
			1.0
		],
		"x" : 
		[
			1.4424395561218262,
			1.4432195425033569,
			1.442436695098877,
			1.4432229995727539,
			1.4595597982406616,
			1.4603426456451416,
			1.4595568180084229,
			1.4603461027145386,
			1.4595667123794556,
			1.4774497747421265,
			1.4766546487808228,
			1.4774402379989624,
			1.4766515493392944,
			1.4774436950683594,
			1.4766615629196167
		],
		"y" : 
		[
			-1.4216434955596924,
			-1.4044579267501831,
			-1.387128472328186,
			-1.3699431419372559,
			-1.4216413497924805,
			-1.4044563770294189,
			-1.3871263265609741,
			-1.3699417114257812,
			-1.3526110649108887,
			-1.4389697313308716,
			-1.4216393232345581,
			-1.4044549465179443,
			-1.3871241807937622,
			-1.3699401617050171,
			-1.3526089191436768
		],
		"z" : 
		[
			-0.10650539398193359,
			-0.86885929107666016,
			0.064123153686523438,
			0.97062301635742188,
			-1.5015583038330078,
			-0.57343864440917969,
			-0.69714641571044922,
			0.1302947998046875,
			-7.5789699554443359,
			-5.2425069808959961,
			-1.3140678405761719,
			-0.79745197296142578,
			-0.70376777648925781,
			-1.8082866668701172,
			-5.1822500228881836
		]
	}
}
