{
	"clusters" : 
	{
		"0" : 
		{
			"eigenVal_0" : 6.2817031985514977e-05,
			"eigenVal_1" : 8.2214826025576575e-05,
			"eigenVal_2" : 0.037623039482673086,
			"eigenVec_0" : 
			[
				-0.80376622998797764,
				-0.59482231781506811,
				0.012093707455657608
			],
			"eigenVec_1" : 
			[
				0.59483823762082721,
				-0.80384113730852125,
				-0.0026262206098509999
			],
			"eigenVec_2" : 
			[
				-0.011283554185677688,
				-0.0050829321905284811,
				-0.99992341967036924
			],
			"mixing_coeff_norm" : 0.40612617705172727,
			"mu_x" : 1.4701751986017337,
			"mu_y" : -1.3910084052142198,
			"mu_z" : -0.71870089544344173
		},
		"1" : 
		{
			"eigenVal_0" : 5.552430469333597e-05,
			"eigenVal_1" : 7.8964158071682898e-05,
			"eigenVal_2" : 0.037912145933846286,
			"eigenVec_0" : 
			[
				0.67159251326475466,
				-0.74070096433959787,
				0.018043767708541308
			],
			"eigenVec_1" : 
			[
				-0.74068122048031837,
				-0.67179545968055421,
				-0.0090658689808817729
			],
			"eigenVec_2" : 
			[
				0.018836819118844383,
				-0.0072761101546262204,
				-0.99979609544471715
			],
			"mixing_coeff_norm" : 0.21584633322429281,
			"mu_x" : 1.4695375170269454,
			"mu_y" : -1.3907009294054626,
			"mu_z" : -0.68443280924321803
		},
		"2" : 
		{
			"eigenVal_0" : 5.1754532520660604e-05,
			"eigenVal_1" : 8.0280148454470312e-05,
			"eigenVal_2" : 0.050007236676442988,
			"eigenVec_0" : 
			[
				0.69569923315000337,
				-0.71807683643261178,
				0.019189423478308414
			],
			"eigenVec_1" : 
			[
				-0.71800565893249535,
				-0.69594046897137496,
				-0.01160764355139206
			],
			"eigenVec_2" : 
			[
				0.021689876334605285,
				-0.0057026859316954871,
				-0.99974848268839811
			],
			"mixing_coeff_norm" : 0.25227751982415819,
			"mu_x" : 1.4693235251598666,
			"mu_y" : -1.3906323231719293,
			"mu_z" : -0.66454809461480968
		},
		"3" : 
		{
			"eigenVal_0" : 2.320046245572798e-05,
			"eigenVal_1" : 0.0014148875226294795,
			"eigenVal_2" : 1.9657787140608494,
			"eigenVec_0" : 
			[
				0.99897608288892092,
				0.045056560587580535,
				0.004085604475014412
			],
			"eigenVec_1" : 
			[
				0.045088299434587718,
				-0.99895064271910849,
				-0.00804106119719801
			],
			"eigenVec_2" : 
			[
				-0.0037190146551916779,
				-0.0082170407749878101,
				0.9999593237581702
			],
			"mixing_coeff_norm" : 0.03984228172716358,
			"mu_x" : 1.47247109639706,
			"mu_y" : -1.3797613074258841,
			"mu_z" : -5.6169036911398642
		},
		"4" : 
		{
			"eigenVal_0" : 5.552430469333597e-05,
			"eigenVal_1" : 7.8964158071682898e-05,
			"eigenVal_2" : 0.037912145933846286,
			"eigenVec_0" : 
			[
				0.67159251326475466,
				-0.74070096433959787,
				0.018043767708541308
			],
			"eigenVec_1" : 
			[
				-0.74068122048031837,
				-0.67179545968055421,
				-0.0090658689808817729
			],
			"eigenVec_2" : 
			[
				0.018836819118844383,
				-0.0072761101546262204,
				-0.99979609544471715
			],
			"mixing_coeff_norm" : 0.085907688172658161,
			"mu_x" : 1.4695375170269454,
			"mu_y" : -1.3907009294054626,
			"mu_z" : -0.68443280924321803
		}
	},
	"data" : 
	{
		"w" : 
		[
			0.66466563940048218,
			2.223721981048584,
			1.8766187429428101,
			0.8224489688873291,
			2.7103743553161621,
			42.659847259521484,
			108.06304931640625,
			3.9309186935424805,
			0.58972537517547607,
			0.69561767578125,
			3.0863301753997803,
			44.431655883789062,
			205.11215209960938,
			5.306769847869873,
			0.93210166692733765
		],
		"x" : 
		[
			1.4424395561218262,
			1.4432195425033569,
			1.442436695098877,
			1.4432229995727539,
			1.4595597982406616,
			1.4603426456451416,
			1.4595568180084229,
			1.4603461027145386,
			1.4595667123794556,
			1.4774497747421265,
			1.4766546487808228,
			1.4774402379989624,
			1.4766515493392944,
			1.4774436950683594,
			1.4766615629196167
		],
		"y" : 
		[
			-1.4216434955596924,
			-1.4044579267501831,
			-1.387128472328186,
			-1.3699431419372559,
			-1.4216413497924805,
			-1.4044563770294189,
			-1.3871263265609741,
			-1.3699417114257812,
			-1.3526110649108887,
			-1.4389697313308716,
			-1.4216393232345581,
			-1.4044549465179443,
			-1.3871241807937622,
			-1.3699401617050171,
			-1.3526089191436768
		],
		"z" : 
		[
			-0.10650539398193359,
			-0.86885929107666016,
			0.064123153686523438,
			0.97062301635742188,
			-1.5015583038330078,
			-0.57343864440917969,
			-0.69714641571044922,
			0.1302947998046875,
			-7.5789699554443359,
			-5.2425069808959961,
			-1.3140678405761719,
			-0.79745197296142578,
			-0.70376777648925781,
			-1.8082866668701172,
			-5.1822500228881836
		]
	}
}
