{
	"clusters" : 
	{
		"0" : 
		{
			"eigenVal_0" : 4.8606899765317742e-05,
			"eigenVal_1" : 5.9896994165703215e-05,
			"eigenVal_2" : 0.002926783656415308,
			"eigenVec_0" : 
			[
				0.51208597604993034,
				-0.85592669614937511,
				0.071815346213781828
			],
			"eigenVec_1" : 
			[
				-0.85846263663298872,
				-0.51278292365228906,
				0.0097762321856599069
			],
			"eigenVec_2" : 
			[
				0.028457945079143423,
				-0.066657062862278377,
				-0.99737003230117516
			],
			"mixing_coeff_norm" : 0.40612617705172727,
			"mu_x" : 1.4702362363912675,
			"mu_y" : -1.3909696965912013,
			"mu_z" : -0.6994320065627615
		},
		"1" : 
		{
			"eigenVal_0" : 5.1741791336109594e-05,
			"eigenVal_1" : 0.00054885763035275191,
			"eigenVal_2" : 0.81887979546841017,
			"eigenVec_0" : 
			[
				0.98858561972593662,
				0.15023551508723915,
				0.011303206516622491
			],
			"eigenVec_1" : 
			[
				-0.15017136870782644,
				0.98863972156801472,
				-0.0063293726653036999
			],
			"eigenVec_2" : 
			[
				0.012125695505970426,
				-0.004559708805417239,
				-0.99991608476116944
			],
			"mixing_coeff_norm" : 0.21584633322429281,
			"mu_x" : 1.4646719285868031,
			"mu_y" : -1.3898779216109494,
			"mu_z" : -0.88879083515976953
		},
		"2" : 
		{
			"eigenVal_0" : 9.1223492668015032e-10,
			"eigenVal_1" : 0.0013679154153324266,
			"eigenVal_2" : 1.0989065127084181,
			"eigenVec_0" : 
			[
				-0.99987510885037112,
				-0.013996535369785852,
				0.0073391892672951447
			],
			"eigenVec_1" : 
			[
				-0.014103452801075313,
				0.99979211976275595,
				-0.014724465334368953
			],
			"eigenVec_2" : 
			[
				0.0071315720950354067,
				0.014826134288395238,
				0.99986465405149516
			],
			"mixing_coeff_norm" : 0.25227751982415819,
			"mu_x" : 1.4723591276557884,
			"mu_y" : -1.3796990809032179,
			"mu_z" : -5.8390176008338708
		}
	},
	"data" : 
	{
		"w" : 
		[
			0.66466563940048218,
			2.223721981048584,
			1.8766187429428101,
			0.8224489688873291,
			2.7103743553161621,
			42.659847259521484,
			108.06304931640625,
			3.9309186935424805,
			0.58972537517547607,
			0.69561767578125,
			3.0863301753997803,
			44.431655883789062,
			205.11215209960938,
			5.306769847869873,
			0.93210166692733765
		],
		"x" : 
		[
			1.4424395561218262,
			1.4432195425033569,
			1.442436695098877,
			1.4432229995727539,
			1.4595597982406616,
			1.4603426456451416,
			1.4595568180084229,
			1.4603461027145386,
			1.4595667123794556,
			1.4774497747421265,
			1.4766546487808228,
			1.4774402379989624,
			1.4766515493392944,
			1.4774436950683594,
			1.4766615629196167
		],
		"y" : 
		[
			-1.4216434955596924,
			-1.4044579267501831,
			-1.387128472328186,
			-1.3699431419372559,
			-1.4216413497924805,
			-1.4044563770294189,
			-1.3871263265609741,
			-1.3699417114257812,
			-1.3526110649108887,
			-1.4389697313308716,
			-1.4216393232345581,
			-1.4044549465179443,
			-1.3871241807937622,
			-1.3699401617050171,
			-1.3526089191436768
		],
		"z" : 
		[
			-0.10650539398193359,
			-0.86885929107666016,
			0.064123153686523438,
			0.97062301635742188,
			-1.5015583038330078,
			-0.57343864440917969,
			-0.69714641571044922,
			0.1302947998046875,
			-7.5789699554443359,
			-5.2425069808959961,
			-1.3140678405761719,
			-0.79745197296142578,
			-0.70376777648925781,
			-1.8082866668701172,
			-5.1822500228881836
		]
	}
}
