{
	"clusters" : 
	{
		"0" : 
		{
			"eigenVal_0" : 4.860592292860704e-05,
			"eigenVal_1" : 5.9891989693379624e-05,
			"eigenVal_2" : 0.0029265563033163619,
			"eigenVec_0" : 
			[
				0.51207518793949114,
				-0.85593258665446803,
				0.071822064852844675
			],
			"eigenVec_1" : 
			[
				-0.8584689858921386,
				-0.51277229332970631,
				0.0097762699797136459
			],
			"eigenVec_2" : 
			[
				0.02846053685469924,
				-0.066663200466110115,
				-0.99736954813426959
			],
			"mixing_coeff_norm" : 0.40612617705172727,
			"mu_x" : 1.4702363793474531,
			"mu_y" : -1.3909694706635243,
			"mu_z" : -0.69943218978703037
		},
		"1" : 
		{
			"eigenVal_0" : 5.193231438256225e-05,
			"eigenVal_1" : 0.00054868360704591246,
			"eigenVal_2" : 0.81961882713480183,
			"eigenVec_0" : 
			[
				0.98861928078084249,
				0.15001500117075953,
				0.011287917970382316
			],
			"eigenVec_1" : 
			[
				-0.1499510977263307,
				0.98867325275937035,
				-0.0063140770405727565
			],
			"eigenVec_2" : 
			[
				0.012107268851292669,
				-0.0045495826119424862,
				-0.99991635417119762
			],
			"mixing_coeff_norm" : 0.21584633322429281,
			"mu_x" : 1.464674148647759,
			"mu_y" : -1.3898831683043671,
			"mu_z" : -0.88896432793142088
		},
		"2" : 
		{
			"eigenVal_0" : 7.5517501533442788e-10,
			"eigenVal_1" : 0.0013676591714402431,
			"eigenVal_2" : 1.0993423122676191,
			"eigenVec_0" : 
			[
				-0.99987511254305306,
				-0.013996237832000071,
				0.007339253611016513
			],
			"eigenVec_1" : 
			[
				-0.014103177628145905,
				0.99979207948131488,
				-0.014727463706173907
			],
			"eigenVec_2" : 
			[
				0.0071315985449052028,
				0.014829131228018657,
				0.99986460941930344
			],
			"mixing_coeff_norm" : 0.25227751982415819,
			"mu_x" : 1.4723562261792276,
			"mu_y" : -1.3796970631027183,
			"mu_z" : -5.8394212447863154
		}
	},
	"data" : 
	{
		"w" : 
		[
			0.66466563940048218,
			2.223721981048584,
			1.8766187429428101,
			0.8224489688873291,
			2.7103743553161621,
			42.659847259521484,
			108.06304931640625,
			3.9309186935424805,
			0.58972537517547607,
			0.69561767578125,
			3.0863301753997803,
			44.431655883789062,
			205.11215209960938,
			5.306769847869873,
			0.93210166692733765
		],
		"x" : 
		[
			1.4424395561218262,
			1.4432195425033569,
			1.442436695098877,
			1.4432229995727539,
			1.4595597982406616,
			1.4603426456451416,
			1.4595568180084229,
			1.4603461027145386,
			1.4595667123794556,
			1.4774497747421265,
			1.4766546487808228,
			1.4774402379989624,
			1.4766515493392944,
			1.4774436950683594,
			1.4766615629196167
		],
		"y" : 
		[
			-1.4216434955596924,
			-1.4044579267501831,
			-1.387128472328186,
			-1.3699431419372559,
			-1.4216413497924805,
			-1.4044563770294189,
			-1.3871263265609741,
			-1.3699417114257812,
			-1.3526110649108887,
			-1.4389697313308716,
			-1.4216393232345581,
			-1.4044549465179443,
			-1.3871241807937622,
			-1.3699401617050171,
			-1.3526089191436768
		],
		"z" : 
		[
			-0.10650539398193359,
			-0.86885929107666016,
			0.064123153686523438,
			0.97062301635742188,
			-1.5015583038330078,
			-0.57343864440917969,
			-0.69714641571044922,
			0.1302947998046875,
			-7.5789699554443359,
			-5.2425069808959961,
			-1.3140678405761719,
			-0.79745197296142578,
			-0.70376777648925781,
			-1.8082866668701172,
			-5.1822500228881836
		]
	}
}
