{
    "clusters": {
        "0": {
            "color": 1.0,
            "eigenVal_0": 0.00033696828950210034,
            "eigenVal_1": 0.003954826230667895,
            "eigenVal_2": 1.4791604433499315,
            "eigenVec_0": [
                0.9929230022825941,
                -0.11874104018872161,
                0.002115871692663591
            ],
            "eigenVec_1": [
                -0.11875103192186985,
                -0.9929089549963039,
                0.0054771804460958225
            ],
            "eigenVec_2": [
                -0.0014505018477981087,
                0.005689680399498876,
                0.99998276164209
            ],
            "mixing_coeff_norm": 0.40612617705172727,
            "mu_x": -0.44632670202885844,
            "mu_y": -0.244600744959712,
            "mu_z": -1.3462786478195032
        },
        "1": {
            "color": 1.0,
            "eigenVal_0": 0.00036668913545338257,
            "eigenVal_1": 0.005062470660149478,
            "eigenVal_2": 1.6088780030027727,
            "eigenVec_0": [
                -0.9895496486995699,
                -0.1441923219689068,
                0.0002589281232501033
            ],
            "eigenVec_1": [
                0.14419186950500995,
                -0.98954888756802,
                -0.0013053281366635602
            ],
            "eigenVec_2": [
                -0.0004444403312790641,
                0.001254351668914124,
                -0.9999991145369492
            ],
            "mixing_coeff_norm": 0.2158463332242928,
            "mu_x": -0.44448029951093426,
            "mu_y": -0.2365453917333927,
            "mu_z": -0.7035083473794033
        },
        "2": {
            "color": 1.0,
            "eigenVal_0": 0.0004176641938258031,
            "eigenVal_1": 0.0035761735484554358,
            "eigenVal_2": 1.5657748692444555,
            "eigenVec_0": [
                0.9798341009856716,
                0.199805377158436,
                0.0017163345174875029
            ],
            "eigenVec_1": [
                -0.1998119786060519,
                0.9798180246097624,
                0.005640199939553702
            ],
            "eigenVec_2": [
                0.0005547532203227517,
                0.005869404433040934,
                -0.9999826210192185
            ],
            "mixing_coeff_norm": 0.2522775198241582,
            "mu_x": -0.4463801359900031,
            "mu_y": -0.24090341797695905,
            "mu_z": -0.10949933617100896
        },
        "3": {
            "color": 1.0,
            "eigenVal_0": 0.0004005981196324437,
            "eigenVal_1": 0.0041668830617151,
            "eigenVal_2": 1.5572065841395033,
            "eigenVec_0": [
                0.9849487263029785,
                0.17284133919878628,
                0.001370408008788474
            ],
            "eigenVec_1": [
                -0.17284515678007878,
                0.9849428401010464,
                0.003486188657465022
            ],
            "eigenVec_2": [
                0.0007472160400175515,
                0.0036705854649535133,
                -0.9999929842106564
            ],
            "mixing_coeff_norm": 0.03984228172716358,
            "mu_x": -0.4455394447139978,
            "mu_y": -0.23842807929460386,
            "mu_z": -0.3045238496325983
        },
        "4": {
            "color": 1.0,
            "eigenVal_0": 0.00020372319236793067,
            "eigenVal_1": 0.0014486535858247514,
            "eigenVal_2": 1.9339946201313702,
            "eigenVec_0": [
                -0.8866692401566134,
                -0.46236710135890563,
                0.005858510139728978
            ],
            "eigenVec_1": [
                0.46239730908506094,
                -0.8865155845485118,
                0.01669870963592298
            ],
            "eigenVec_2": [
                0.0025272734296905,
                -0.01751519150833796,
                -0.9998434032164427
            ],
            "mixing_coeff_norm": 0.08590768817265816,
            "mu_x": -0.461239752132441,
            "mu_y": -0.28643698549840213,
            "mu_z": 1.5820100012043123
        }
    },
    "data": {
        "w": [
            1.0,
            1.0,
            1.0,
            1.0,
            1.0,
            1.0,
            1.0,
            1.0,
            1.0,
            1.0,
            1.0,
            1.0,
            1.0,
            1.0,
            1.0,
            1.0
        ],
        "x": [
            -0.41626712679862976,
            -0.41629546880722046,
            -0.4159592092037201,
            -0.43326398730278015,
            -0.43362870812416077,
            -0.4332771897315979,
            -0.4332963228225708,
            -0.4552852511405945,
            -0.4556664228439331,
            -0.45529910922050476,
            -0.4556834399700165,
            -0.47254127264022827,
            -0.472549170255661,
            -0.4729427695274353,
            -0.4725634753704071,
            -0.47296029329299927
        ],
        "y": [
            -0.026266446337103844,
            -0.23727947473526,
            -0.22011098265647888,
            -0.2891484498977661,
            -0.27179935574531555,
            -0.254634290933609,
            -0.22011874616146088,
            -0.28915005922317505,
            -0.2718108892440796,
            -0.2546358108520508,
            -0.237296462059021,
            -0.3236709535121918,
            -0.2891574800014496,
            -0.2718161344528198,
            -0.2546432316303253,
            -0.23730161786079407
        ],
        "z": [
            -0.8029685020446777,
            -0.047740936279296875,
            0.8725252151489258,
            -1.379572868347168,
            -1.6681599617004395,
            -0.800774097442627,
            -0.3964400291442871,
            -0.14389705657958984,
            0.041079044342041016,
            -0.2051382064819336,
            -2.1353611946105957,
            2.5757479667663574,
            1.5046582221984863,
            -1.6258049011230469,
            0.0642552375793457,
            0.07897615432739258
        ]
    }
}
