{
    "clusters": {
        "0": {
            "color": 1.0,
            "eigenVal_0": 0.0003526868499017572,
            "eigenVal_1": 0.004336086264061777,
            "eigenVal_2": 1.6791172334508404,
            "eigenVec_0": [
                0.9909592542635336,
                -0.1341588186683407,
                0.0010806308236262622
            ],
            "eigenVec_1": [
                -0.13416189618725655,
                -0.9909528041807183,
                0.003622912890364193
            ],
            "eigenVec_2": [
                -0.000584808431446942,
                0.00373513853647335,
                0.9999928533440686
            ],
            "mixing_coeff_norm": 0.40612617705172727,
            "mu_x": -0.44576914616703456,
            "mu_y": -0.24147114660881017,
            "mu_z": -1.062196544860667
        },
        "1": {
            "color": 1.0,
            "eigenVal_0": 0.0003823292344343618,
            "eigenVal_1": 0.004341282423724487,
            "eigenVal_2": 1.8814978962129383,
            "eigenVec_0": [
                0.987080376045575,
                0.16022402361265764,
                0.0007703785413022419
            ],
            "eigenVec_1": [
                -0.16022495425031705,
                0.9870795960773153,
                0.0013546377108197875
            ],
            "eigenVec_2": [
                0.0005433794348103359,
                0.0014605701675371085,
                -0.9999987857360504
            ],
            "mixing_coeff_norm": 0.2158463332242928,
            "mu_x": -0.4458595695639712,
            "mu_y": -0.24081619399768991,
            "mu_z": -0.5966134962939645
        },
        "2": {
            "color": 1.0,
            "eigenVal_0": 0.00040037247677778627,
            "eigenVal_1": 0.003817007081876799,
            "eigenVal_2": 2.039755330031128,
            "eigenVec_0": [
                0.9803972386613159,
                0.19701333740719448,
                0.0026456207107889112
            ],
            "eigenVec_1": [
                -0.19702785778291038,
                0.9803697535709155,
                0.007427620128898326
            ],
            "eigenVec_2": [
                0.0011303462936912065,
                0.007803279245349829,
                -0.9999689150920021
            ],
            "mixing_coeff_norm": 0.2522775198241582,
            "mu_x": -0.4474398648916094,
            "mu_y": -0.24476025822070355,
            "mu_z": -0.12666120470535053
        },
        "3": {
            "color": 1.0,
            "eigenVal_0": 0.0003966878129797778,
            "eigenVal_1": 0.004048442298816723,
            "eigenVal_2": 1.971031662131497,
            "eigenVec_0": [
                0.9832655816420752,
                0.18216707075057237,
                0.0019885402252609575
            ],
            "eigenVec_1": [
                -0.18217517309175574,
                0.9832521419761333,
                0.005237519292018643
            ],
            "eigenVec_2": [
                0.001001132888466953,
                0.005512135112765305,
                -0.9999843069265827
            ],
            "mixing_coeff_norm": 0.03984228172716358,
            "mu_x": -0.44667954973801904,
            "mu_y": -0.24270892113366957,
            "mu_z": -0.29218201987141057
        },
        "4": {
            "color": 1.0,
            "eigenVal_0": 0.00020739479150653543,
            "eigenVal_1": 0.0014479571986950196,
            "eigenVal_2": 2.1378134996769416,
            "eigenVec_0": [
                0.9273783113736783,
                0.3740818696420549,
                0.005676477676397854
            ],
            "eigenVec_1": [
                -0.3741229899558337,
                0.9272178010218284,
                0.017295602179532955
            ],
            "eigenVec_2": [
                -0.0012066400512458848,
                0.018163267144157887,
                -0.9998343061459918
            ],
            "mixing_coeff_norm": 0.08590768817265816,
            "mu_x": -0.46331061285237995,
            "mu_y": -0.2921349235098318,
            "mu_z": 1.6806416913867073
        }
    },
    "data": {
        "w": [
            1.0,
            1.0,
            1.0,
            1.0,
            1.0,
            1.0,
            1.0,
            1.0,
            1.0,
            1.0,
            1.0,
            1.0,
            1.0,
            1.0,
            1.0,
            1.0
        ],
        "x": [
            -0.41626712679862976,
            -0.41629546880722046,
            -0.4159592092037201,
            -0.43326398730278015,
            -0.43362870812416077,
            -0.4332771897315979,
            -0.4332963228225708,
            -0.4552852511405945,
            -0.4556664228439331,
            -0.45529910922050476,
            -0.4556834399700165,
            -0.47254127264022827,
            -0.472549170255661,
            -0.4729427695274353,
            -0.4725634753704071,
            -0.47296029329299927
        ],
        "y": [
            -0.026266446337103844,
            -0.23727947473526,
            -0.22011098265647888,
            -0.2891484498977661,
            -0.27179935574531555,
            -0.254634290933609,
            -0.22011874616146088,
            -0.28915005922317505,
            -0.2718108892440796,
            -0.2546358108520508,
            -0.237296462059021,
            -0.3236709535121918,
            -0.2891574800014496,
            -0.2718161344528198,
            -0.2546432316303253,
            -0.23730161786079407
        ],
        "z": [
            -0.8029685020446777,
            -0.047740936279296875,
            0.8725252151489258,
            -1.379572868347168,
            -1.6681599617004395,
            -0.800774097442627,
            -0.3964400291442871,
            -0.14389705657958984,
            0.041079044342041016,
            -0.2051382064819336,
            -2.1353611946105957,
            2.5757479667663574,
            1.5046582221984863,
            -1.6258049011230469,
            0.0642552375793457,
            0.07897615432739258
        ]
    }
}
