{
    "clusters": {
        "0": {
            "color": 1.0,
            "eigenVal_0": 0.00036120265858533766,
            "eigenVal_1": 0.0046868812137042205,
            "eigenVal_2": 1.7355970629472794,
            "eigenVec_0": [
                0.989981911544915,
                -0.14119362927523155,
                0.00041697237904749765
            ],
            "eigenVec_1": [
                -0.14119421659602482,
                -0.989979267967208,
                0.002289584011545781
            ],
            "eigenVec_2": [
                -8.951933445139035e-05,
                0.0023255208447943176,
                0.9999972919658777
            ],
            "mixing_coeff_norm": 0.40612617705172727,
            "mu_x": -0.44533387883910025,
            "mu_y": -0.23956010746975462,
            "mu_z": -0.8969783779835976
        },
        "1": {
            "color": 1.0,
            "eigenVal_0": 0.0003821779547413708,
            "eigenVal_1": 0.0042362365298373615,
            "eigenVal_2": 2.104129718058886,
            "eigenVec_0": [
                0.9855910555554152,
                0.1691382127082513,
                0.0015925485930366027
            ],
            "eigenVec_1": [
                -0.16914336304079292,
                0.9855832933183897,
                0.00401181641256843
            ],
            "eigenVec_2": [
                0.0008910378293590874,
                0.004223379397589823,
                -0.9999906845156362
            ],
            "mixing_coeff_norm": 0.2158463332242928,
            "mu_x": -0.4466769727508789,
            "mu_y": -0.24315781360773928,
            "mu_z": -0.49449288169095784
        },
        "2": {
            "color": 1.0,
            "eigenVal_0": 0.0003812317912145278,
            "eigenVal_1": 0.0038333969670669653,
            "eigenVal_2": 2.4631450071979297,
            "eigenVec_0": [
                0.9802709579487029,
                0.19762894035762021,
                0.003413346665215937
            ],
            "eigenVec_1": [
                -0.19765333860253842,
                0.9802233733940262,
                0.009761966569596343
            ],
            "eigenVec_2": [
                0.001416595073785434,
                0.010244031684828963,
                -0.9999465251068368
            ],
            "mixing_coeff_norm": 0.2522775198241582,
            "mu_x": -0.448859407142,
            "mu_y": -0.24923190988937705,
            "mu_z": -0.06432645295957812
        },
        "3": {
            "color": 1.0,
            "eigenVal_0": 0.00038392686069150335,
            "eigenVal_1": 0.003976231650467935,
            "eigenVal_2": 2.3467228251436594,
            "eigenVec_0": [
                0.9822340255351604,
                0.18763901097728547,
                0.0028143632422838096
            ],
            "eigenVec_1": [
                -0.18765566105241144,
                0.9822035812584476,
                0.007840780449805226
            ],
            "eigenVec_2": [
                0.001293041366641888,
                0.008229612539222076,
                -0.9999653001586994
            ],
            "mixing_coeff_norm": 0.03984228172716358,
            "mu_x": -0.4479972675825708,
            "mu_y": -0.24685428305913903,
            "mu_z": -0.22104207768922143
        },
        "4": {
            "color": 1.0,
            "eigenVal_0": 0.0001731657050245735,
            "eigenVal_1": 0.0012016874793203214,
            "eigenVal_2": 1.9388204766376629,
            "eigenVec_0": [
                0.9268446355522539,
                0.3754086277428226,
                0.005232949862160004
            ],
            "eigenVec_1": [
                -0.37544298996466297,
                0.926702694096024,
                0.01626892871594869
            ],
            "eigenVec_2": [
                -0.0012581074687669648,
                0.017043443649143487,
                -0.999853958433018
            ],
            "mixing_coeff_norm": 0.08590768817265816,
            "mu_x": -0.46575331354527455,
            "mu_y": -0.2999888141357055,
            "mu_z": 1.9122689370048662
        }
    },
    "data": {
        "w": [
            1.0,
            1.0,
            1.0,
            1.0,
            1.0,
            1.0,
            1.0,
            1.0,
            1.0,
            1.0,
            1.0,
            1.0,
            1.0,
            1.0,
            1.0,
            1.0
        ],
        "x": [
            -0.41626712679862976,
            -0.41629546880722046,
            -0.4159592092037201,
            -0.43326398730278015,
            -0.43362870812416077,
            -0.4332771897315979,
            -0.4332963228225708,
            -0.4552852511405945,
            -0.4556664228439331,
            -0.45529910922050476,
            -0.4556834399700165,
            -0.47254127264022827,
            -0.472549170255661,
            -0.4729427695274353,
            -0.4725634753704071,
            -0.47296029329299927
        ],
        "y": [
            -0.026266446337103844,
            -0.23727947473526,
            -0.22011098265647888,
            -0.2891484498977661,
            -0.27179935574531555,
            -0.254634290933609,
            -0.22011874616146088,
            -0.28915005922317505,
            -0.2718108892440796,
            -0.2546358108520508,
            -0.237296462059021,
            -0.3236709535121918,
            -0.2891574800014496,
            -0.2718161344528198,
            -0.2546432316303253,
            -0.23730161786079407
        ],
        "z": [
            -0.8029685020446777,
            -0.047740936279296875,
            0.8725252151489258,
            -1.379572868347168,
            -1.6681599617004395,
            -0.800774097442627,
            -0.3964400291442871,
            -0.14389705657958984,
            0.041079044342041016,
            -0.2051382064819336,
            -2.1353611946105957,
            2.5757479667663574,
            1.5046582221984863,
            -1.6258049011230469,
            0.0642552375793457,
            0.07897615432739258
        ]
    }
}
