{
    "clusters": {
        "0": {
            "color": 1.0,
            "eigenVal_0": 0.000382706225508889,
            "eigenVal_1": 0.004274617528099082,
            "eigenVal_2": 2.12100951203311,
            "eigenVec_0": [
                0.9853396777709873,
                0.1705948122891831,
                0.0017690195547230753
            ],
            "eigenVec_1": [
                -0.17060123213714848,
                0.9853297073543027,
                0.004537333839399202
            ],
            "eigenVec_2": [
                0.0009690219055338494,
                0.004772611978963651,
                -0.9999881415154104
            ],
            "mixing_coeff_norm": 0.40612617705172727,
            "mu_x": -0.4467292404280566,
            "mu_y": -0.24317659910219475,
            "mu_z": -0.45882978826602117
        },
        "1": {
            "color": 1.0,
            "eigenVal_0": 0.0003789816845606072,
            "eigenVal_1": 0.003911385576866745,
            "eigenVal_2": 2.499254960693418,
            "eigenVec_0": [
                0.9809913366475328,
                0.19402255225674764,
                0.003353600791025633
            ],
            "eigenVec_1": [
                -0.1940462700024932,
                0.9809455088212213,
                0.00958925552871919
            ],
            "eigenVec_2": [
                0.0014291678024116955,
                0.010057730323148795,
                -0.9999483984387095
            ],
            "mixing_coeff_norm": 0.2158463332242928,
            "mu_x": -0.448797058750868,
            "mu_y": -0.2490521983114177,
            "mu_z": -0.10109328194602193
        },
        "2": {
            "color": 1.0,
            "eigenVal_0": 0.0003809314881216581,
            "eigenVal_1": 0.003954774513119044,
            "eigenVal_2": 2.418789730591755,
            "eigenVec_0": [
                0.982229669878471,
                0.18766057471255987,
                0.002895567126219089
            ],
            "eigenVec_1": [
                -0.18767823449446855,
                0.9821972147229308,
                0.008093929055581614
            ],
            "eigenVec_2": [
                0.0013251065881623738,
                0.008493532190392913,
                -0.999963051319128
            ],
            "mixing_coeff_norm": 0.2522775198241582,
            "mu_x": -0.44821843527116717,
            "mu_y": -0.24763589611347475,
            "mu_z": -0.22167165817671375
        }
    },
    "data": {
        "w": [
            1.0,
            1.0,
            1.0,
            1.0,
            1.0,
            1.0,
            1.0,
            1.0,
            1.0,
            1.0,
            1.0,
            1.0,
            1.0,
            1.0,
            1.0,
            1.0
        ],
        "x": [
            -0.41626712679862976,
            -0.41629546880722046,
            -0.4159592092037201,
            -0.43326398730278015,
            -0.43362870812416077,
            -0.4332771897315979,
            -0.4332963228225708,
            -0.4552852511405945,
            -0.4556664228439331,
            -0.45529910922050476,
            -0.4556834399700165,
            -0.47254127264022827,
            -0.472549170255661,
            -0.4729427695274353,
            -0.4725634753704071,
            -0.47296029329299927
        ],
        "y": [
            -0.026266446337103844,
            -0.23727947473526,
            -0.22011098265647888,
            -0.2891484498977661,
            -0.27179935574531555,
            -0.254634290933609,
            -0.22011874616146088,
            -0.28915005922317505,
            -0.2718108892440796,
            -0.2546358108520508,
            -0.237296462059021,
            -0.3236709535121918,
            -0.2891574800014496,
            -0.2718161344528198,
            -0.2546432316303253,
            -0.23730161786079407
        ],
        "z": [
            -0.8029685020446777,
            -0.047740936279296875,
            0.8725252151489258,
            -1.379572868347168,
            -1.6681599617004395,
            -0.800774097442627,
            -0.3964400291442871,
            -0.14389705657958984,
            0.041079044342041016,
            -0.2051382064819336,
            -2.1353611946105957,
            2.5757479667663574,
            1.5046582221984863,
            -1.6258049011230469,
            0.0642552375793457,
            0.07897615432739258
        ]
    }
}
