{
    "clusters": {
        "0": {
            "color": 1.0,
            "eigenVal_0": 0.00038337203655991085,
            "eigenVal_1": 0.004401025130812945,
            "eigenVal_2": 2.083229141666361,
            "eigenVec_0": [
                0.9855038994729836,
                0.1696434681530811,
                0.001777030258249869
            ],
            "eigenVec_1": [
                -0.16964996396558535,
                0.9854938056383981,
                0.004566045863039183
            ],
            "eigenVec_2": [
                0.0009766524559853323,
                0.004801329122475354,
                -0.9999879966222784
            ],
            "mixing_coeff_norm": 0.40612617705172727,
            "mu_x": -0.4465415666019756,
            "mu_y": -0.24227272804819036,
            "mu_z": -0.44738092208635366
        },
        "1": {
            "color": 1.0,
            "eigenVal_0": 0.00038184429680765555,
            "eigenVal_1": 0.004085137667064687,
            "eigenVal_2": 2.4002815201307803,
            "eigenVec_0": [
                0.9820088676242779,
                0.18880905170619713,
                0.0031186376977500397
            ],
            "eigenVec_1": [
                -0.18882974707422107,
                0.9819695191643081,
                0.008898879261090287
            ],
            "eigenVec_2": [
                0.0013822182059728173,
                0.009327669913990845,
                -0.9999555410351034
            ],
            "mixing_coeff_norm": 0.2158463332242928,
            "mu_x": -0.4482299634463739,
            "mu_y": -0.24708867202599086,
            "mu_z": -0.15970107354868596
        },
        "2": {
            "color": 1.0,
            "eigenVal_0": 0.0003803299909877836,
            "eigenVal_1": 0.003926029007387023,
            "eigenVal_2": 2.435677526383503,
            "eigenVec_0": [
                0.9821965714543532,
                0.1878337618962082,
                0.00289359901024719
            ],
            "eigenVec_1": [
                -0.18785137363990922,
                0.9821642746775856,
                0.008074587831659484
            ],
            "eigenVec_2": [
                0.0013253093649252274,
                0.008474399033000858,
                -0.9999632133814306
            ],
            "mixing_coeff_norm": 0.2522775198241582,
            "mu_x": -0.448276568124036,
            "mu_y": -0.24790928907555707,
            "mu_z": -0.22587271174077375
        }
    },
    "data": {
        "w": [
            1.0,
            1.0,
            1.0,
            1.0,
            1.0,
            1.0,
            1.0,
            1.0,
            1.0,
            1.0,
            1.0,
            1.0,
            1.0,
            1.0,
            1.0,
            1.0
        ],
        "x": [
            -0.41626712679862976,
            -0.41629546880722046,
            -0.4159592092037201,
            -0.43326398730278015,
            -0.43362870812416077,
            -0.4332771897315979,
            -0.4332963228225708,
            -0.4552852511405945,
            -0.4556664228439331,
            -0.45529910922050476,
            -0.4556834399700165,
            -0.47254127264022827,
            -0.472549170255661,
            -0.4729427695274353,
            -0.4725634753704071,
            -0.47296029329299927
        ],
        "y": [
            -0.026266446337103844,
            -0.23727947473526,
            -0.22011098265647888,
            -0.2891484498977661,
            -0.27179935574531555,
            -0.254634290933609,
            -0.22011874616146088,
            -0.28915005922317505,
            -0.2718108892440796,
            -0.2546358108520508,
            -0.237296462059021,
            -0.3236709535121918,
            -0.2891574800014496,
            -0.2718161344528198,
            -0.2546432316303253,
            -0.23730161786079407
        ],
        "z": [
            -0.8029685020446777,
            -0.047740936279296875,
            0.8725252151489258,
            -1.379572868347168,
            -1.6681599617004395,
            -0.800774097442627,
            -0.3964400291442871,
            -0.14389705657958984,
            0.041079044342041016,
            -0.2051382064819336,
            -2.1353611946105957,
            2.5757479667663574,
            1.5046582221984863,
            -1.6258049011230469,
            0.0642552375793457,
            0.07897615432739258
        ]
    }
}
