{
    "clusters": {
        "0": {
            "color": 1.0,
            "eigenVal_0": 0.0003824295981540838,
            "eigenVal_1": 0.004912453084794269,
            "eigenVal_2": 1.9225710187282903,
            "eigenVec_0": [
                0.9866728143194705,
                0.16270963230429755,
                0.001527428654924514
            ],
            "eigenVec_1": [
                -0.16271440277123614,
                0.9866657677590567,
                0.0038322138811558997
            ],
            "eigenVec_2": [
                0.0008835234549940824,
                0.004029675896555871,
                -0.9999914905130309
            ],
            "mixing_coeff_norm": 0.40612617705172727,
            "mu_x": -0.44568703811596067,
            "mu_y": -0.23845792449985798,
            "mu_z": -0.47215086094210074
        },
        "1": {
            "color": 1.0,
            "eigenVal_0": 0.00038763498264405313,
            "eigenVal_1": 0.0046266941666325894,
            "eigenVal_2": 2.102058786427273,
            "eigenVec_0": [
                0.9842777864955614,
                0.1766090688727407,
                0.002544759969261037
            ],
            "eigenVec_1": [
                -0.17662321038150386,
                0.9842515241969856,
                0.007292370701073831
            ],
            "eigenVec_2": [
                0.0012167850790689573,
                0.007627182167379334,
                -0.9999701723182834
            ],
            "mixing_coeff_norm": 0.2158463332242928,
            "mu_x": -0.4467437130596947,
            "mu_y": -0.241441003527138,
            "mu_z": -0.26517559766209053
        },
        "2": {
            "color": 1.0,
            "eigenVal_0": 0.00038106866919508723,
            "eigenVal_1": 0.003990683155435131,
            "eigenVal_2": 2.398548261192941,
            "eigenVec_0": [
                0.9825726487152667,
                0.18585776985988245,
                0.0028070232232742546
            ],
            "eigenVec_1": [
                -0.18587437562008738,
                0.9825424714257314,
                0.007810783088691369
            ],
            "eigenVec_2": [
                0.0013063248094218587,
                0.008196415516972876,
                -0.9999655555508729
            ],
            "mixing_coeff_norm": 0.2522775198241582,
            "mu_x": -0.44807913068447963,
            "mu_y": -0.2472323690282295,
            "mu_z": -0.24616073269100205
        }
    },
    "data": {
        "w": [
            1.0,
            1.0,
            1.0,
            1.0,
            1.0,
            1.0,
            1.0,
            1.0,
            1.0,
            1.0,
            1.0,
            1.0,
            1.0,
            1.0,
            1.0,
            1.0
        ],
        "x": [
            -0.41626712679862976,
            -0.41629546880722046,
            -0.4159592092037201,
            -0.43326398730278015,
            -0.43362870812416077,
            -0.4332771897315979,
            -0.4332963228225708,
            -0.4552852511405945,
            -0.4556664228439331,
            -0.45529910922050476,
            -0.4556834399700165,
            -0.47254127264022827,
            -0.472549170255661,
            -0.4729427695274353,
            -0.4725634753704071,
            -0.47296029329299927
        ],
        "y": [
            -0.026266446337103844,
            -0.23727947473526,
            -0.22011098265647888,
            -0.2891484498977661,
            -0.27179935574531555,
            -0.254634290933609,
            -0.22011874616146088,
            -0.28915005922317505,
            -0.2718108892440796,
            -0.2546358108520508,
            -0.237296462059021,
            -0.3236709535121918,
            -0.2891574800014496,
            -0.2718161344528198,
            -0.2546432316303253,
            -0.23730161786079407
        ],
        "z": [
            -0.8029685020446777,
            -0.047740936279296875,
            0.8725252151489258,
            -1.379572868347168,
            -1.6681599617004395,
            -0.800774097442627,
            -0.3964400291442871,
            -0.14389705657958984,
            0.041079044342041016,
            -0.2051382064819336,
            -2.1353611946105957,
            2.5757479667663574,
            1.5046582221984863,
            -1.6258049011230469,
            0.0642552375793457,
            0.07897615432739258
        ]
    }
}
