{
    "clusters": {
        "0": {
            "color": 1.0,
            "eigenVal_0": 0.00038137730291614775,
            "eigenVal_1": 0.004039875154885969,
            "eigenVal_2": 2.377312129998552,
            "eigenVec_0": [
                0.9827886323925623,
                0.18471280165191417,
                0.0027721734899853684
            ],
            "eigenVec_1": [
                -0.18472903143985964,
                0.9827592217144077,
                0.007713434940671446
            ],
            "eigenVec_2": [
                0.0012996088832241193,
                0.00809277710017952,
                -0.9999664084235821
            ],
            "mixing_coeff_norm": 0.40612617705172727,
            "mu_x": -0.44796745106577873,
            "mu_y": -0.24680252408143133,
            "mu_z": -0.2542884945869446
        }
    },
    "data": {
        "w": [
            1.0,
            1.0,
            1.0,
            1.0,
            1.0,
            1.0,
            1.0,
            1.0,
            1.0,
            1.0,
            1.0,
            1.0,
            1.0,
            1.0,
            1.0,
            1.0
        ],
        "x": [
            -0.41626712679862976,
            -0.41629546880722046,
            -0.4159592092037201,
            -0.43326398730278015,
            -0.43362870812416077,
            -0.4332771897315979,
            -0.4332963228225708,
            -0.4552852511405945,
            -0.4556664228439331,
            -0.45529910922050476,
            -0.4556834399700165,
            -0.47254127264022827,
            -0.472549170255661,
            -0.4729427695274353,
            -0.4725634753704071,
            -0.47296029329299927
        ],
        "y": [
            -0.026266446337103844,
            -0.23727947473526,
            -0.22011098265647888,
            -0.2891484498977661,
            -0.27179935574531555,
            -0.254634290933609,
            -0.22011874616146088,
            -0.28915005922317505,
            -0.2718108892440796,
            -0.2546358108520508,
            -0.237296462059021,
            -0.3236709535121918,
            -0.2891574800014496,
            -0.2718161344528198,
            -0.2546432316303253,
            -0.23730161786079407
        ],
        "z": [
            -0.8029685020446777,
            -0.047740936279296875,
            0.8725252151489258,
            -1.379572868347168,
            -1.6681599617004395,
            -0.800774097442627,
            -0.3964400291442871,
            -0.14389705657958984,
            0.041079044342041016,
            -0.2051382064819336,
            -2.1353611946105957,
            2.5757479667663574,
            1.5046582221984863,
            -1.6258049011230469,
            0.0642552375793457,
            0.07897615432739258
        ]
    }
}
