{
	"clusters" : 
	{
		"0" : 
		{
			"eigenVal_0" : 0.0091191479122874047,
			"eigenVal_1" : 0.60472486535298975,
			"eigenVal_2" : 1.3085150797907439,
			"eigenVec_0" : 
			[
				0.000115109609748191,
				-0.99998709601341895,
				-0.0050788341602136427
			],
			"eigenVec_1" : 
			[
				-0.99999975096336735,
				-0.00011157174401758922,
				-0.00069686795684443007
			],
			"eigenVec_2" : 
			[
				-0.00069629231008505675,
				-0.005078913111596443,
				0.99998685982297975
			],
			"mixing_coeff_norm" : 0.40612617705172727,
			"mu_x" : 1.4658431920646624,
			"mu_y" : -1.3995284899399576,
			"mu_z" : -1.0847368470946428
		},
		"1" : 
		{
			"eigenVal_0" : 0.0090437979600480247,
			"eigenVal_1" : 0.60474088708315166,
			"eigenVal_2" : 1.3729078819840057,
			"eigenVec_0" : 
			[
				6.3780761787077486e-05,
				-0.99998152634637194,
				-0.0060780669619893085
			],
			"eigenVec_1" : 
			[
				-0.99999781638305729,
				-7.6475420959069607e-05,
				0.0020883918758525634
			],
			"eigenVec_2" : 
			[
				0.0020888181183538342,
				-0.006077920490594562,
				0.99997934764742935
			],
			"mixing_coeff_norm" : 0.21584633322429281,
			"mu_x" : 1.4616580486464192,
			"mu_y" : -1.3985630156908726,
			"mu_z" : -0.73844935512576426
		},
		"2" : 
		{
			"eigenVal_0" : 0.00902067365514902,
			"eigenVal_1" : 0.60468143501111249,
			"eigenVal_2" : 1.4489130378599566,
			"eigenVec_0" : 
			[
				1.9993329358314428e-05,
				-0.99998401443482421,
				-0.005654243988386304
			],
			"eigenVec_1" : 
			[
				-0.99998277046740291,
				-5.3183784821269512e-05,
				0.0058699182125829556
			],
			"eigenVec_2" : 
			[
				0.0058701250927182848,
				-0.0056540292091970612,
				0.99996678624097191
			],
			"mixing_coeff_norm" : 0.25227751982415819,
			"mu_x" : 1.4505786483657561,
			"mu_y" : -1.3850202503123181,
			"mu_z" : 0.1821645965775307
		},
		"3" : 
		{
			"eigenVal_0" : 0.010170440306595127,
			"eigenVal_1" : 0.6045990525143996,
			"eigenVal_2" : 2.2457005238463377,
			"eigenVec_0" : 
			[
				0.00015032361056015222,
				-0.99998430163200669,
				-0.0056012402519453643
			],
			"eigenVec_1" : 
			[
				0.99995224674384642,
				9.558172095290315e-05,
				0.0097721592326603709
			],
			"eigenVec_2" : 
			[
				0.0097714704495257838,
				0.00560244176074367,
				-0.99993656349369053
			],
			"mixing_coeff_norm" : 0.03984228172716358,
			"mu_x" : 1.4712247517076813,
			"mu_y" : -1.3813949419596396,
			"mu_z" : -6.0013985220833215
		},
		"4" : 
		{
			"eigenVal_0" : 0.0090389707740243935,
			"eigenVal_1" : 0.60472990834066509,
			"eigenVal_2" : 1.4366076255914297,
			"eigenVec_0" : 
			[
				4.051493953167796e-05,
				-0.99997862753371747,
				-0.0065378004192482991
			],
			"eigenVec_1" : 
			[
				-0.99999016147786923,
				-6.951330177510974e-05,
				0.0044353258466700964
			],
			"eigenVec_2" : 
			[
				0.0044356855169113652,
				-0.0065375563999957118,
				0.99996879203818734
			],
			"mixing_coeff_norm" : 0.085907688172658161,
			"mu_x" : 1.4568225214705912,
			"mu_y" : -1.3941923195332324,
			"mu_z" : -0.35558019922823242
		}
	},
	"data" : 
	{
		"w" : 
		[
			1.0,
			1.0,
			1.0,
			1.0,
			1.0,
			1.0,
			1.0,
			1.0,
			1.0,
			1.0,
			1.0,
			1.0,
			1.0,
			1.0,
			1.0
		],
		"x" : 
		[
			1.4424395561218262,
			1.4432195425033569,
			1.442436695098877,
			1.4432229995727539,
			1.4595597982406616,
			1.4603426456451416,
			1.4595568180084229,
			1.4603461027145386,
			1.4595667123794556,
			1.4774497747421265,
			1.4766546487808228,
			1.4774402379989624,
			1.4766515493392944,
			1.4774436950683594,
			1.4766615629196167
		],
		"y" : 
		[
			-1.4216434955596924,
			-1.4044579267501831,
			-1.387128472328186,
			-1.3699431419372559,
			-1.4216413497924805,
			-1.4044563770294189,
			-1.3871263265609741,
			-1.3699417114257812,
			-1.3526110649108887,
			-1.4389697313308716,
			-1.4216393232345581,
			-1.4044549465179443,
			-1.3871241807937622,
			-1.3699401617050171,
			-1.3526089191436768
		],
		"z" : 
		[
			-0.10650539398193359,
			-0.86885929107666016,
			0.064123153686523438,
			0.97062301635742188,
			-1.5015583038330078,
			-0.57343864440917969,
			-0.69714641571044922,
			0.1302947998046875,
			-7.5789699554443359,
			-5.2425069808959961,
			-1.3140678405761719,
			-0.79745197296142578,
			-0.70376777648925781,
			-1.8082866668701172,
			-5.1822500228881836
		]
	}
}
