{
	"clusters" : 
	{
		"0" : 
		{
			"eigenVal_0" : 0.0090913700572878165,
			"eigenVal_1" : 0.60473363077450959,
			"eigenVal_2" : 1.4614622771687649,
			"eigenVec_0" : 
			[
				7.1923126349728066e-05,
				-0.99997885351557569,
				-0.0065028723452832905
			],
			"eigenVec_1" : 
			[
				-0.99999831642502268,
				-8.384494798075934e-05,
				0.0018330622316100932
			],
			"eigenVec_2" : 
			[
				0.0018335687017816786,
				-0.0065027295576436349,
				0.99997717600659097
			],
			"mixing_coeff_norm" : 0.40612617705172727,
			"mu_x" : 1.4624429126408744,
			"mu_y" : -1.3977999164972499,
			"mu_z" : -0.8076165846448341
		},
		"1" : 
		{
			"eigenVal_0" : 0.0090776484561979464,
			"eigenVal_1" : 0.60473265040751079,
			"eigenVal_2" : 1.5280144077444757,
			"eigenVec_0" : 
			[
				4.8887095944153509e-05,
				-0.99997610308510732,
				-0.0069130940088012625
			],
			"eigenVec_1" : 
			[
				-0.99999467090341798,
				-7.1452207532631779e-05,
				0.0032639024721037198
			],
			"eigenVec_2" : 
			[
				0.0032643184307321587,
				-0.006912897605542305,
				0.99997077760896513
			],
			"mixing_coeff_norm" : 0.21584633322429281,
			"mu_x" : 1.4602849468506833,
			"mu_y" : -1.3962359706323229,
			"mu_z" : -0.6297165968978895
		},
		"2" : 
		{
			"eigenVal_0" : 0.0090425430949901443,
			"eigenVal_1" : 0.60470863712609535,
			"eigenVal_2" : 1.5648030620937823,
			"eigenVec_0" : 
			[
				1.2263341237886407e-05,
				-0.99997704625273109,
				-0.00677545697893377
			],
			"eigenVec_1" : 
			[
				-0.99998302946321149,
				-5.1735709886769253e-05,
				0.0058256423675452822
			],
			"eigenVec_2" : 
			[
				0.0058258591802989789,
				-0.0067752705539515694,
				0.99996007673993259
			],
			"mixing_coeff_norm" : 0.25227751982415819,
			"mu_x" : 1.4540990617448908,
			"mu_y" : -1.3897203745631899,
			"mu_z" : -0.11236208146614651
		},
		"3" : 
		{
			"eigenVal_0" : 0.010170600731760557,
			"eigenVal_1" : 0.60459944031361146,
			"eigenVal_2" : 2.2569211882233757,
			"eigenVec_0" : 
			[
				0.00015075680181506336,
				-0.99998452144296368,
				-0.0055618474334590108
			],
			"eigenVec_1" : 
			[
				0.99995267662736265,
				9.6645173842561474e-05,
				0.0097280607257466609
			],
			"eigenVec_2" : 
			[
				0.0097273726236915565,
				0.005563050799403238,
				-0.99993721337274122
			],
			"mixing_coeff_norm" : 0.03984228172716358,
			"mu_x" : 1.471224331356475,
			"mu_y" : -1.3813970094130172,
			"mu_z" : -5.9988720370919175
		},
		"4" : 
		{
			"eigenVal_0" : 0.009064344308581454,
			"eigenVal_1" : 0.60472695595625636,
			"eigenVal_2" : 1.571700298831163,
			"eigenVec_0" : 
			[
				2.9659610968357709e-05,
				-0.9999749755059717,
				-0.0070744245093657511
			],
			"eigenVec_1" : 
			[
				-0.9999897186322475,
				-6.1737588501528253e-05,
				0.0045341833077952032
			],
			"eigenVec_2" : 
			[
				0.0045345066000611169,
				-0.0070742172924927642,
				0.9999646962266181
			],
			"mixing_coeff_norm" : 0.085907688172658161,
			"mu_x" : 1.457931127382756,
			"mu_y" : -1.3940847854049236,
			"mu_z" : -0.43422069223040111
		}
	},
	"data" : 
	{
		"w" : 
		[
			1.0,
			1.0,
			1.0,
			1.0,
			1.0,
			1.0,
			1.0,
			1.0,
			1.0,
			1.0,
			1.0,
			1.0,
			1.0,
			1.0,
			1.0
		],
		"x" : 
		[
			1.4424395561218262,
			1.4432195425033569,
			1.442436695098877,
			1.4432229995727539,
			1.4595597982406616,
			1.4603426456451416,
			1.4595568180084229,
			1.4603461027145386,
			1.4595667123794556,
			1.4774497747421265,
			1.4766546487808228,
			1.4774402379989624,
			1.4766515493392944,
			1.4774436950683594,
			1.4766615629196167
		],
		"y" : 
		[
			-1.4216434955596924,
			-1.4044579267501831,
			-1.387128472328186,
			-1.3699431419372559,
			-1.4216413497924805,
			-1.4044563770294189,
			-1.3871263265609741,
			-1.3699417114257812,
			-1.3526110649108887,
			-1.4389697313308716,
			-1.4216393232345581,
			-1.4044549465179443,
			-1.3871241807937622,
			-1.3699401617050171,
			-1.3526089191436768
		],
		"z" : 
		[
			-0.10650539398193359,
			-0.86885929107666016,
			0.064123153686523438,
			0.97062301635742188,
			-1.5015583038330078,
			-0.57343864440917969,
			-0.69714641571044922,
			0.1302947998046875,
			-7.5789699554443359,
			-5.2425069808959961,
			-1.3140678405761719,
			-0.79745197296142578,
			-0.70376777648925781,
			-1.8082866668701172,
			-5.1822500228881836
		]
	}
}
