{
	"clusters" : 
	{
		"0" : 
		{
			"eigenVal_0" : 0.009081598002694917,
			"eigenVal_1" : 0.60473380310402725,
			"eigenVal_2" : 1.5014972778715692,
			"eigenVec_0" : 
			[
				5.7129825603990285e-05,
				-0.99997711871802863,
				-0.0067645233810666172
			],
			"eigenVec_1" : 
			[
				-0.99999627750860798,
				-7.5581579990712907e-05,
				0.0027275000187306398
			],
			"eigenVec_2" : 
			[
				0.0027279488833988801,
				-0.006764342378586162,
				0.99997340062977458
			],
			"mixing_coeff_norm" : 0.40612617705172727,
			"mu_x" : 1.4611362491388229,
			"mu_y" : -1.3969527765488172,
			"mu_z" : -0.70003366829059976
		},
		"1" : 
		{
			"eigenVal_0" : 0.0090813244024940329,
			"eigenVal_1" : 0.60473099482535408,
			"eigenVal_2" : 1.5598744459538261,
			"eigenVec_0" : 
			[
				4.5177460070081557e-05,
				-0.99997543439077274,
				-0.0070091778392362058
			],
			"eigenVec_1" : 
			[
				-0.99999393572913131,
				-6.9584187421695517e-05,
				0.0034819050824186049
			],
			"eigenVec_2" : 
			[
				0.0034823072752434231,
				-0.0070089780300554017,
				0.99996937341251335
			],
			"mixing_coeff_norm" : 0.21584633322429281,
			"mu_x" : 1.4599910916511365,
			"mu_y" : -1.3957723195087779,
			"mu_z" : -0.60537665073545055
		},
		"2" : 
		{
			"eigenVal_0" : 0.010170302488952837,
			"eigenVal_1" : 0.60459937570539934,
			"eigenVal_2" : 2.2553656711808121,
			"eigenVec_0" : 
			[
				0.00015070416314983569,
				-0.9999844825804004,
				-0.0055688317144497569
			],
			"eigenVec_1" : 
			[
				0.99995258410142396,
				9.6471633563400451e-05,
				0.0097375685932890085
			],
			"eigenVec_2" : 
			[
				0.0097368802570585115,
				0.0055700351554159788,
				-0.99993708195627373
			],
			"mixing_coeff_norm" : 0.25227751982415819,
			"mu_x" : 1.471221378255642,
			"mu_y" : -1.3813915557589,
			"mu_z" : -5.9997102295838092
		},
		"3" : 
		{
			"eigenVal_0" : 0.0090714225216861812,
			"eigenVal_1" : 0.60472947522923404,
			"eigenVal_2" : 1.5657014147908062,
			"eigenVec_0" : 
			[
				3.6363688152472313e-05,
				-0.99997506071719933,
				-0.0070623382328869689
			],
			"eigenVec_1" : 
			[
				-0.99999174642379896,
				-6.505484326244722e-05,
				0.0040623702622614799
			],
			"eigenVec_2" : 
			[
				0.0040627283889676982,
				-0.0070621322205748297,
				0.99996680971247054
			],
			"mixing_coeff_norm" : 0.03984228172716358,
			"mu_x" : 1.4589245265663331,
			"mu_y" : -1.3949731086190003,
			"mu_z" : -0.51654222187867693
		}
	},
	"data" : 
	{
		"w" : 
		[
			1.0,
			1.0,
			1.0,
			1.0,
			1.0,
			1.0,
			1.0,
			1.0,
			1.0,
			1.0,
			1.0,
			1.0,
			1.0,
			1.0,
			1.0
		],
		"x" : 
		[
			1.4424395561218262,
			1.4432195425033569,
			1.442436695098877,
			1.4432229995727539,
			1.4595597982406616,
			1.4603426456451416,
			1.4595568180084229,
			1.4603461027145386,
			1.4595667123794556,
			1.4774497747421265,
			1.4766546487808228,
			1.4774402379989624,
			1.4766515493392944,
			1.4774436950683594,
			1.4766615629196167
		],
		"y" : 
		[
			-1.4216434955596924,
			-1.4044579267501831,
			-1.387128472328186,
			-1.3699431419372559,
			-1.4216413497924805,
			-1.4044563770294189,
			-1.3871263265609741,
			-1.3699417114257812,
			-1.3526110649108887,
			-1.4389697313308716,
			-1.4216393232345581,
			-1.4044549465179443,
			-1.3871241807937622,
			-1.3699401617050171,
			-1.3526089191436768
		],
		"z" : 
		[
			-0.10650539398193359,
			-0.86885929107666016,
			0.064123153686523438,
			0.97062301635742188,
			-1.5015583038330078,
			-0.57343864440917969,
			-0.69714641571044922,
			0.1302947998046875,
			-7.5789699554443359,
			-5.2425069808959961,
			-1.3140678405761719,
			-0.79745197296142578,
			-0.70376777648925781,
			-1.8082866668701172,
			-5.1822500228881836
		]
	}
}
