{
	"clusters" : 
	{
		"0" : 
		{
			"eigenVal_0" : 0.0090706008354535083,
			"eigenVal_1" : 0.60473512103326965,
			"eigenVal_2" : 1.4849211691492992,
			"eigenVec_0" : 
			[
				5.3224482273931928e-05,
				-0.99997742886792595,
				-0.006718550576292788
			],
			"eigenVec_1" : 
			[
				-0.99999564946795916,
				-7.3037890638976522e-05,
				0.0029488490332859997
			],
			"eigenVec_2" : 
			[
				0.0029492731831874688,
				-0.0067183643960601397,
				0.99997308232148541
			],
			"mixing_coeff_norm" : 0.40612617705172727,
			"mu_x" : 1.4607025837471559,
			"mu_y" : -1.3969367286009875,
			"mu_z" : -0.66419404913709712
		},
		"1" : 
		{
			"eigenVal_0" : 0.009081774343912467,
			"eigenVal_1" : 0.60473094423553475,
			"eigenVal_2" : 1.5683634165920111,
			"eigenVec_0" : 
			[
				4.4640281672055153e-05,
				-0.99997558214048654,
				-0.0069880705520350452
			],
			"eigenVec_1" : 
			[
				-0.99999391628080347,
				-6.9012573644966526e-05,
				0.0034874974760271708
			],
			"eigenVec_2" : 
			[
				0.0034878945835369133,
				-0.0069878723557064105,
				0.99996950165058218
			],
			"mixing_coeff_norm" : 0.21584633322429281,
			"mu_x" : 1.459956925478753,
			"mu_y" : -1.3957353733668412,
			"mu_z" : -0.60359438272926946
		},
		"2" : 
		{
			"eigenVal_0" : 0.010169523279290099,
			"eigenVal_1" : 0.60459929204308149,
			"eigenVal_2" : 2.2536854340214547,
			"eigenVec_0" : 
			[
				0.00015065715022154549,
				-0.99998442760268103,
				-0.0055786964930291784
			],
			"eigenVec_1" : 
			[
				0.99995242836199039,
				9.623938289819782e-05,
				0.0097535506837183403
			],
			"eigenVec_2" : 
			[
				0.0097528619072438458,
				0.0055799005474496026,
				-0.99993687120462704
			],
			"mixing_coeff_norm" : 0.25227751982415819,
			"mu_x" : 1.4712132952254373,
			"mu_y" : -1.3813772355172482,
			"mu_z" : -6.0014020770170253
		},
		"3" : 
		{
			"eigenVal_0" : 0.009069629809033709,
			"eigenVal_1" : 0.60473229722891619,
			"eigenVal_2" : 1.530313333885666,
			"eigenVec_0" : 
			[
				4.2567228109832043e-05,
				-0.99997598454280145,
				-0.0069302615885661854
			],
			"eigenVec_1" : 
			[
				-0.99999328196575499,
				-6.7967206715132962e-05,
				0.0036648879678303843
			],
			"eigenVec_2" : 
			[
				0.0036652709843923467,
				-0.0069300590267093861,
				0.99996926956306875
			],
			"mixing_coeff_norm" : 0.03984228172716358,
			"mu_x" : 1.4595597241506946,
			"mu_y" : -1.3957891340429949,
			"mu_z" : -0.57005704414213498
		}
	},
	"data" : 
	{
		"w" : 
		[
			1.0,
			1.0,
			1.0,
			1.0,
			1.0,
			1.0,
			1.0,
			1.0,
			1.0,
			1.0,
			1.0,
			1.0,
			1.0,
			1.0,
			1.0
		],
		"x" : 
		[
			1.4424395561218262,
			1.4432195425033569,
			1.442436695098877,
			1.4432229995727539,
			1.4595597982406616,
			1.4603426456451416,
			1.4595568180084229,
			1.4603461027145386,
			1.4595667123794556,
			1.4774497747421265,
			1.4766546487808228,
			1.4774402379989624,
			1.4766515493392944,
			1.4774436950683594,
			1.4766615629196167
		],
		"y" : 
		[
			-1.4216434955596924,
			-1.4044579267501831,
			-1.387128472328186,
			-1.3699431419372559,
			-1.4216413497924805,
			-1.4044563770294189,
			-1.3871263265609741,
			-1.3699417114257812,
			-1.3526110649108887,
			-1.4389697313308716,
			-1.4216393232345581,
			-1.4044549465179443,
			-1.3871241807937622,
			-1.3699401617050171,
			-1.3526089191436768
		],
		"z" : 
		[
			-0.10650539398193359,
			-0.86885929107666016,
			0.064123153686523438,
			0.97062301635742188,
			-1.5015583038330078,
			-0.57343864440917969,
			-0.69714641571044922,
			0.1302947998046875,
			-7.5789699554443359,
			-5.2425069808959961,
			-1.3140678405761719,
			-0.79745197296142578,
			-0.70376777648925781,
			-1.8082866668701172,
			-5.1822500228881836
		]
	}
}
