{
	"clusters" : 
	{
		"0" : 
		{
			"eigenVal_0" : 0.0090820913930303344,
			"eigenVal_1" : 0.60473131233417532,
			"eigenVal_2" : 1.5807955926032389,
			"eigenVec_0" : 
			[
				4.4600812313550111e-05,
				-0.99997613609688474,
				-0.0069083462212254062
			],
			"eigenVec_1" : 
			[
				-0.99999412027532553,
				-6.8287585077172669e-05,
				0.0034285203198173874
			],
			"eigenVec_2" : 
			[
				0.003428910256220637,
				-0.00690815268726037,
				0.99997025955820529
			],
			"mixing_coeff_norm" : 0.40612617705172727,
			"mu_x" : 1.4599671507783896,
			"mu_y" : -1.3957820492692603,
			"mu_z" : -0.60722938671803861
		},
		"1" : 
		{
			"eigenVal_0" : 0.010167528711018024,
			"eigenVal_1" : 0.60459920426262792,
			"eigenVal_2" : 2.253169125262966,
			"eigenVec_0" : 
			[
				0.0001506811927313515,
				-0.9999843587467685,
				-0.0055910246817602698
			],
			"eigenVec_1" : 
			[
				0.99995217408595927,
				9.5997574539215204e-05,
				0.0097795871706872033
			],
			"eigenVec_2" : 
			[
				0.0097788974808792409,
				0.0055922308857537283,
				-0.999936548045814
			],
			"mixing_coeff_norm" : 0.21584633322429281,
			"mu_x" : 1.4711919616967293,
			"mu_y" : -1.3813394215814756,
			"mu_z" : -6.0049600924076909
		},
		"2" : 
		{
			"eigenVal_0" : 0.0090543803222494605,
			"eigenVal_1" : 0.60473687746064286,
			"eigenVal_2" : 1.4560674412455399,
			"eigenVec_0" : 
			[
				4.8776072282049651e-05,
				-0.99997808221075013,
				-0.0066206282938387952
			],
			"eigenVec_1" : 
			[
				-0.99999473784957227,
				-7.0250389339702595e-05,
				0.0032433529022369741
			],
			"eigenVec_2" : 
			[
				0.0032437469168271373,
				-0.0066204352570811975,
				0.99997282360219497
			],
			"mixing_coeff_norm" : 0.25227751982415819,
			"mu_x" : 1.4600154646955186,
			"mu_y" : -1.3968389420363285,
			"mu_z" : -0.60819980996389922
		}
	},
	"data" : 
	{
		"w" : 
		[
			1.0,
			1.0,
			1.0,
			1.0,
			1.0,
			1.0,
			1.0,
			1.0,
			1.0,
			1.0,
			1.0,
			1.0,
			1.0,
			1.0,
			1.0
		],
		"x" : 
		[
			1.4424395561218262,
			1.4432195425033569,
			1.442436695098877,
			1.4432229995727539,
			1.4595597982406616,
			1.4603426456451416,
			1.4595568180084229,
			1.4603461027145386,
			1.4595667123794556,
			1.4774497747421265,
			1.4766546487808228,
			1.4774402379989624,
			1.4766515493392944,
			1.4774436950683594,
			1.4766615629196167
		],
		"y" : 
		[
			-1.4216434955596924,
			-1.4044579267501831,
			-1.387128472328186,
			-1.3699431419372559,
			-1.4216413497924805,
			-1.4044563770294189,
			-1.3871263265609741,
			-1.3699417114257812,
			-1.3526110649108887,
			-1.4389697313308716,
			-1.4216393232345581,
			-1.4044549465179443,
			-1.3871241807937622,
			-1.3699401617050171,
			-1.3526089191436768
		],
		"z" : 
		[
			-0.10650539398193359,
			-0.86885929107666016,
			0.064123153686523438,
			0.97062301635742188,
			-1.5015583038330078,
			-0.57343864440917969,
			-0.69714641571044922,
			0.1302947998046875,
			-7.5789699554443359,
			-5.2425069808959961,
			-1.3140678405761719,
			-0.79745197296142578,
			-0.70376777648925781,
			-1.8082866668701172,
			-5.1822500228881836
		]
	}
}
