{
	"clusters" : 
	{
		"0" : 
		{
			"eigenVal_0" : 0.0090834270039823733,
			"eigenVal_1" : 0.60473139136045773,
			"eigenVal_2" : 1.5958327376492918,
			"eigenVec_0" : 
			[
				4.4484438686809355e-05,
				-0.99997650747467615,
				-0.0068543796133696431
			],
			"eigenVec_1" : 
			[
				-0.99999427271903252,
				-6.7679467819263458e-05,
				0.003383777271466203
			],
			"eigenVec_2" : 
			[
				0.0033841616787578712,
				-0.0068541898309791753,
				0.99997078333894018
			],
			"mixing_coeff_norm" : 0.40612617705172727,
			"mu_x" : 1.4599802198410234,
			"mu_y" : -1.3957820890731558,
			"mu_z" : -0.6106898341200987
		},
		"1" : 
		{
			"eigenVal_0" : 0.010165889950930989,
			"eigenVal_1" : 0.60459917729304669,
			"eigenVal_2" : 2.2540776483633032,
			"eigenVec_0" : 
			[
				0.00015074984482448282,
				-0.9999843280695655,
				-0.0055965069234260156
			],
			"eigenVec_1" : 
			[
				0.99995201849805171,
				9.5923622750866618e-05,
				0.0097954836700937312
			],
			"eigenVec_2" : 
			[
				0.0097947933187359035,
				0.0055977150622614196,
				-0.99993636178005141
			],
			"mixing_coeff_norm" : 0.21584633322429281,
			"mu_x" : 1.4711742647405148,
			"mu_y" : -1.3813076925542327,
			"mu_z" : -6.0075991070822514
		}
	},
	"data" : 
	{
		"w" : 
		[
			1.0,
			1.0,
			1.0,
			1.0,
			1.0,
			1.0,
			1.0,
			1.0,
			1.0,
			1.0,
			1.0,
			1.0,
			1.0,
			1.0,
			1.0
		],
		"x" : 
		[
			1.4424395561218262,
			1.4432195425033569,
			1.442436695098877,
			1.4432229995727539,
			1.4595597982406616,
			1.4603426456451416,
			1.4595568180084229,
			1.4603461027145386,
			1.4595667123794556,
			1.4774497747421265,
			1.4766546487808228,
			1.4774402379989624,
			1.4766515493392944,
			1.4774436950683594,
			1.4766615629196167
		],
		"y" : 
		[
			-1.4216434955596924,
			-1.4044579267501831,
			-1.387128472328186,
			-1.3699431419372559,
			-1.4216413497924805,
			-1.4044563770294189,
			-1.3871263265609741,
			-1.3699417114257812,
			-1.3526110649108887,
			-1.4389697313308716,
			-1.4216393232345581,
			-1.4044549465179443,
			-1.3871241807937622,
			-1.3699401617050171,
			-1.3526089191436768
		],
		"z" : 
		[
			-0.10650539398193359,
			-0.86885929107666016,
			0.064123153686523438,
			0.97062301635742188,
			-1.5015583038330078,
			-0.57343864440917969,
			-0.69714641571044922,
			0.1302947998046875,
			-7.5789699554443359,
			-5.2425069808959961,
			-1.3140678405761719,
			-0.79745197296142578,
			-0.70376777648925781,
			-1.8082866668701172,
			-5.1822500228881836
		]
	}
}
