{
    "clusters": {
        "0": {
            "color": 4.163001992883927,
            "eigenVal_0": 0.00023092773756503427,
            "eigenVal_1": 0.0012961555941421513,
            "eigenVal_2": 1.5837658233616714,
            "eigenVec_0": [
                0.9907380185056514,
                0.1357871028569343,
                0.00020343356659023067
            ],
            "eigenVec_1": [
                -0.13578721197848906,
                0.9907377869424181,
                0.0006859938399352615
            ],
            "eigenVec_2": [
                0.00010840020545086017,
                0.0007072638545148374,
                -0.9999997440135849
            ],
            "mixing_coeff_norm": 0.40612617705172727,
            "mu_x": -0.45132800642567045,
            "mu_y": -0.2564169330455002,
            "mu_z": -0.6870813930724208
        },
        "1": {
            "color": 9.110562948813206,
            "eigenVal_0": 0.0001921413692474219,
            "eigenVal_1": 0.0008556859847946084,
            "eigenVal_2": 1.1489554075123025,
            "eigenVec_0": [
                0.9727277547005021,
                0.23194971673818313,
                0.00021009615973240938
            ],
            "eigenVec_1": [
                -0.23194981188211256,
                0.9727273625934395,
                0.0008734013191712155
            ],
            "eigenVec_2": [
                1.7810947669848326e-06,
                0.000898313468876877,
                -0.9999995965147883
            ],
            "mixing_coeff_norm": 0.2158463332242928,
            "mu_x": -0.4520831488620348,
            "mu_y": -0.25788434485082345,
            "mu_z": -0.19216098850476496
        },
        "2": {
            "color": 9.415270918163257,
            "eigenVal_0": 0.0001921274628104739,
            "eigenVal_1": 0.0007949741742425134,
            "eigenVal_2": 1.1390989614678486,
            "eigenVec_0": [
                -0.9658221758178841,
                -0.2592055402296769,
                0.00011230605377345474
            ],
            "eigenVec_1": [
                0.2592055201342161,
                -0.9658216659658282,
                0.0010039337342844532
            ],
            "eigenVec_2": [
                0.00015175756599646528,
                -0.0009987318127061262,
                -0.9999994897520735
            ],
            "mixing_coeff_norm": 0.2522775198241582,
            "mu_x": -0.4521350242767914,
            "mu_y": -0.25818356125580705,
            "mu_z": -0.15304747900473883
        },
        "3": {
            "color": 9.34330094247172,
            "eigenVal_0": 0.00019214424421097034,
            "eigenVal_1": 0.0008181467021718213,
            "eigenVal_2": 1.1400258305328157,
            "eigenVec_0": [
                0.9686284118453329,
                0.24851354034963927,
                0.000141523414239591
            ],
            "eigenVec_1": [
                -0.24851356123924642,
                0.9686279540697132,
                0.0009468235890757965
            ],
            "eigenVec_2": [
                -9.821494702000474e-05,
                0.0009522907170555743,
                -0.9999995417480025
            ],
            "mixing_coeff_norm": 0.03984228172716358,
            "mu_x": -0.4521092676568783,
            "mu_y": -0.2580460530665268,
            "mu_z": -0.16689842335149901
        },
        "4": {
            "color": 4.362314241203955,
            "eigenVal_0": 0.00018307817196229676,
            "eigenVal_1": 0.00096747778950951,
            "eigenVal_2": 1.9667372967242154,
            "eigenVec_0": [
                0.902520649315403,
                0.4306359282620816,
                0.0030290013467380627
            ],
            "eigenVec_1": [
                -0.43064327321304513,
                0.9024638258460095,
                0.010267145452243946
            ],
            "eigenVec_2": [
                -0.001687837568558928,
                0.0105707298347009,
                -0.9999427037961246
            ],
            "mixing_coeff_norm": 0.08590768817265816,
            "mu_x": -0.45434608824266853,
            "mu_y": -0.26772793314990423,
            "mu_z": 0.4179989519580521
        }
    },
    "data": {
        "w": [
            1.0320974588394165,
            6.217773914337158,
            2.5142457485198975,
            2.2014946937561035,
            1.4333767890930176,
            1.2778986692428589,
            2.3874073028564453,
            14.497570037841797,
            16.937450408935547,
            60.85871505737305,
            2.04378080368042,
            1.595380187034607,
            1.080560326576233,
            1.9543437957763672,
            2.4182074069976807,
            2.243567943572998
        ],
        "x": [
            -0.41626712679862976,
            -0.41629546880722046,
            -0.4159592092037201,
            -0.43326398730278015,
            -0.43362870812416077,
            -0.4332771897315979,
            -0.4332963228225708,
            -0.4552852511405945,
            -0.4556664228439331,
            -0.45529910922050476,
            -0.4556834399700165,
            -0.47254127264022827,
            -0.472549170255661,
            -0.4729427695274353,
            -0.4725634753704071,
            -0.47296029329299927
        ],
        "y": [
            -0.026266446337103844,
            -0.23727947473526,
            -0.22011098265647888,
            -0.2891484498977661,
            -0.27179935574531555,
            -0.254634290933609,
            -0.22011874616146088,
            -0.28915005922317505,
            -0.2718108892440796,
            -0.2546358108520508,
            -0.237296462059021,
            -0.3236709535121918,
            -0.2891574800014496,
            -0.2718161344528198,
            -0.2546432316303253,
            -0.23730161786079407
        ],
        "z": [
            -0.8029685020446777,
            -0.047740936279296875,
            0.8725252151489258,
            -1.379572868347168,
            -1.6681599617004395,
            -0.800774097442627,
            -0.3964400291442871,
            -0.14389705657958984,
            0.041079044342041016,
            -0.2051382064819336,
            -2.1353611946105957,
            2.5757479667663574,
            1.5046582221984863,
            -1.6258049011230469,
            0.0642552375793457,
            0.07897615432739258
        ]
    }
}
