{
    "clusters": {
        "0": {
            "color": 7.594529851584954,
            "eigenVal_0": 0.00019930433344432781,
            "eigenVal_1": 0.0008461416238776802,
            "eigenVal_2": 1.319161883597548,
            "eigenVec_0": [
                0.9672304036104822,
                0.25389953021068135,
                0.0006122828593350942
            ],
            "eigenVec_1": [
                -0.2539002684599546,
                0.9672275651910408,
                0.0023432478687887863
            ],
            "eigenVec_2": [
                -2.732673809787121e-06,
                0.0024219193642463287,
                -0.9999970671452625
            ],
            "mixing_coeff_norm": 0.40612617705172727,
            "mu_x": -0.45224991178800156,
            "mu_y": -0.25891141768239767,
            "mu_z": -0.1789851221607803
        },
        "1": {
            "color": 5.3823253412034076,
            "eigenVal_0": 0.000201707727818941,
            "eigenVal_1": 0.004048408199576517,
            "eigenVal_2": 1.30925978615082,
            "eigenVec_0": [
                0.985654884151939,
                0.16876651998106545,
                0.0015202239664199812
            ],
            "eigenVec_1": [
                -0.16877336482813377,
                0.985616269778679,
                0.008724681779405496
            ],
            "eigenVec_2": [
                2.5923293158620764e-05,
                0.00885609852264768,
                -0.999960783654509
            ],
            "mixing_coeff_norm": 0.2158463332242928,
            "mu_x": -0.4496758689730723,
            "mu_y": -0.24369467813254247,
            "mu_z": -0.21719958042272036
        }
    },
    "data": {
        "w": [
            1.0320974588394165,
            6.217773914337158,
            2.5142457485198975,
            2.2014946937561035,
            1.4333767890930176,
            1.2778986692428589,
            2.3874073028564453,
            14.497570037841797,
            16.937450408935547,
            60.85871505737305,
            2.04378080368042,
            1.595380187034607,
            1.080560326576233,
            1.9543437957763672,
            2.4182074069976807,
            2.243567943572998
        ],
        "x": [
            -0.41626712679862976,
            -0.41629546880722046,
            -0.4159592092037201,
            -0.43326398730278015,
            -0.43362870812416077,
            -0.4332771897315979,
            -0.4332963228225708,
            -0.4552852511405945,
            -0.4556664228439331,
            -0.45529910922050476,
            -0.4556834399700165,
            -0.47254127264022827,
            -0.472549170255661,
            -0.4729427695274353,
            -0.4725634753704071,
            -0.47296029329299927
        ],
        "y": [
            -0.026266446337103844,
            -0.23727947473526,
            -0.22011098265647888,
            -0.2891484498977661,
            -0.27179935574531555,
            -0.254634290933609,
            -0.22011874616146088,
            -0.28915005922317505,
            -0.2718108892440796,
            -0.2546358108520508,
            -0.237296462059021,
            -0.3236709535121918,
            -0.2891574800014496,
            -0.2718161344528198,
            -0.2546432316303253,
            -0.23730161786079407
        ],
        "z": [
            -0.8029685020446777,
            -0.047740936279296875,
            0.8725252151489258,
            -1.379572868347168,
            -1.6681599617004395,
            -0.800774097442627,
            -0.3964400291442871,
            -0.14389705657958984,
            0.041079044342041016,
            -0.2051382064819336,
            -2.1353611946105957,
            2.5757479667663574,
            1.5046582221984863,
            -1.6258049011230469,
            0.0642552375793457,
            0.07897615432739258
        ]
    }
}
