{
    "clusters": {
        "0": {
            "color": 7.543925411488089,
            "eigenVal_0": 0.00019981162131866022,
            "eigenVal_1": 0.0009025063477911539,
            "eigenVal_2": 1.3190317008492318,
            "eigenVec_0": [
                0.969317439377585,
                0.24581152772998355,
                0.0006281349642370022
            ],
            "eigenVec_1": [
                -0.24581233021312032,
                0.9693143347147677,
                0.0024533307284922683
            ],
            "eigenVec_2": [
                5.803250573010919e-06,
                0.0025324595789358246,
                -0.9999967933022604
            ],
            "mixing_coeff_norm": 0.40612617705172727,
            "mu_x": -0.4522079487602807,
            "mu_y": -0.2586634575458753,
            "mu_z": -0.1796068848665459
        },
        "1": {
            "color": 4.421983738916365,
            "eigenVal_0": 0.00019026169055574982,
            "eigenVal_1": 0.006595084562438627,
            "eigenVal_2": 1.2133481553804295,
            "eigenVec_0": [
                0.9870640591843138,
                0.1603113748638756,
                0.0021922946514980695
            ],
            "eigenVec_1": [
                -0.16032633815793204,
                0.9869638173865278,
                0.01406728341510417
            ],
            "eigenVec_2": [
                -9.143004679659334e-05,
                0.014236792443046892,
                -0.999898647554581
            ],
            "mixing_coeff_norm": 0.2158463332242928,
            "mu_x": -0.4473098233812834,
            "mu_y": -0.22866869208747884,
            "mu_z": -0.26399613300146896
        }
    },
    "data": {
        "w": [
            1.0320974588394165,
            6.217773914337158,
            2.5142457485198975,
            2.2014946937561035,
            1.4333767890930176,
            1.2778986692428589,
            2.3874073028564453,
            14.497570037841797,
            16.937450408935547,
            60.85871505737305,
            2.04378080368042,
            1.595380187034607,
            1.080560326576233,
            1.9543437957763672,
            2.4182074069976807,
            2.243567943572998
        ],
        "x": [
            -0.41626712679862976,
            -0.41629546880722046,
            -0.4159592092037201,
            -0.43326398730278015,
            -0.43362870812416077,
            -0.4332771897315979,
            -0.4332963228225708,
            -0.4552852511405945,
            -0.4556664228439331,
            -0.45529910922050476,
            -0.4556834399700165,
            -0.47254127264022827,
            -0.472549170255661,
            -0.4729427695274353,
            -0.4725634753704071,
            -0.47296029329299927
        ],
        "y": [
            -0.026266446337103844,
            -0.23727947473526,
            -0.22011098265647888,
            -0.2891484498977661,
            -0.27179935574531555,
            -0.254634290933609,
            -0.22011874616146088,
            -0.28915005922317505,
            -0.2718108892440796,
            -0.2546358108520508,
            -0.237296462059021,
            -0.3236709535121918,
            -0.2891574800014496,
            -0.2718161344528198,
            -0.2546432316303253,
            -0.23730161786079407
        ],
        "z": [
            -0.8029685020446777,
            -0.047740936279296875,
            0.8725252151489258,
            -1.379572868347168,
            -1.6681599617004395,
            -0.800774097442627,
            -0.3964400291442871,
            -0.14389705657958984,
            0.041079044342041016,
            -0.2051382064819336,
            -2.1353611946105957,
            2.5757479667663574,
            1.5046582221984863,
            -1.6258049011230469,
            0.0642552375793457,
            0.07897615432739258
        ]
    }
}
