{
    "clusters": {
        "0": {
            "color": 6.092361072428136,
            "eigenVal_0": 0.00020881153843174138,
            "eigenVal_1": 0.001306303005273934,
            "eigenVal_2": 1.4370357398475515,
            "eigenVec_0": [
                0.9813659253276268,
                0.1921473521512326,
                0.0005618426126535989
            ],
            "eigenVec_1": [
                -0.19214816378088018,
                0.9813626133801455,
                0.002550336316538675
            ],
            "eigenVec_2": [
                6.133096434392065e-05,
                0.0026107701855318127,
                -0.9999965900529617
            ],
            "mixing_coeff_norm": 0.40612617705172727,
            "mu_x": -0.4517851848722537,
            "mu_y": -0.2565737475902539,
            "mu_z": -0.31907215799254574
        },
        "1": {
            "color": 7.66552781367297,
            "eigenVal_0": 0.0001994688558432794,
            "eigenVal_1": 0.000875362643423023,
            "eigenVal_2": 1.3004497162717152,
            "eigenVec_0": [
                0.969024941724873,
                0.24696226647938715,
                0.0005488628887531539
            ],
            "eigenVec_1": [
                -0.24696287638951903,
                0.9690225420712497,
                0.0021565349957933335
            ],
            "eigenVec_2": [
                -7.222585949912578e-07,
                0.0022252849563762353,
                -0.9999975240501053
            ],
            "mixing_coeff_norm": 0.2158463332242928,
            "mu_x": -0.4521863559830766,
            "mu_y": -0.258623913613133,
            "mu_z": -0.18518981543810403
        },
        "2": {
            "color": 7.711574538669614,
            "eigenVal_0": 0.0001991341898387533,
            "eigenVal_1": 0.0008771077907829191,
            "eigenVal_2": 1.2988221254444414,
            "eigenVec_0": [
                0.9682264593949715,
                0.2500743823033399,
                0.0005715269727306523
            ],
            "eigenVec_1": [
                -0.25007503504629547,
                0.9682238088706938,
                0.0022655645036961315
            ],
            "eigenVec_2": [
                -1.3193621420599346e-05,
                0.0023365041256800984,
                -0.9999972702834738
            ],
            "mixing_coeff_norm": 0.2522775198241582,
            "mu_x": -0.45220188066976097,
            "mu_y": -0.25867634590497124,
            "mu_z": -0.17487318835029217
        },
        "3": {
            "color": 7.705776160335077,
            "eigenVal_0": 0.00019919723092281364,
            "eigenVal_1": 0.0008738652188275,
            "eigenVal_2": 1.2982808218494735,
            "eigenVec_0": [
                0.9684398674235708,
                0.24924668515433265,
                0.0005595750115606059
            ],
            "eigenVec_1": [
                -0.24924731312244194,
                0.9684373426788994,
                0.0022113810788727843
            ],
            "eigenVec_2": [
                -9.26606629668948e-06,
                0.0022810621669684073,
                -0.9999973983313809
            ],
            "mixing_coeff_norm": 0.03984228172716358,
            "mu_x": -0.4521969184180073,
            "mu_y": -0.2586617514972861,
            "mu_z": -0.1785824270951366
        },
        "4": {
            "color": 5.33353968497947,
            "eigenVal_0": 0.00019900233199219926,
            "eigenVal_1": 0.001248149811119786,
            "eigenVal_2": 1.8682353618225778,
            "eigenVec_0": [
                0.964504011010234,
                0.2640546906955263,
                0.002670780197086825
            ],
            "eigenVec_1": [
                -0.264068161298136,
                0.9644598181872815,
                0.009233920661213245
            ],
            "eigenVec_2": [
                0.00013760011919682557,
                0.00961142153096663,
                -0.9999537997539494
            ],
            "mixing_coeff_norm": 0.08590768817265816,
            "mu_x": -0.4536301401253946,
            "mu_y": -0.2631732335751025,
            "mu_z": 0.1019771925017453
        }
    },
    "data": {
        "w": [
            1.0320974588394165,
            6.217773914337158,
            2.5142457485198975,
            2.2014946937561035,
            1.4333767890930176,
            1.2778986692428589,
            2.3874073028564453,
            14.497570037841797,
            16.937450408935547,
            60.85871505737305,
            2.04378080368042,
            1.595380187034607,
            1.080560326576233,
            1.9543437957763672,
            2.4182074069976807,
            2.243567943572998
        ],
        "x": [
            -0.41626712679862976,
            -0.41629546880722046,
            -0.4159592092037201,
            -0.43326398730278015,
            -0.43362870812416077,
            -0.4332771897315979,
            -0.4332963228225708,
            -0.4552852511405945,
            -0.4556664228439331,
            -0.45529910922050476,
            -0.4556834399700165,
            -0.47254127264022827,
            -0.472549170255661,
            -0.4729427695274353,
            -0.4725634753704071,
            -0.47296029329299927
        ],
        "y": [
            -0.026266446337103844,
            -0.23727947473526,
            -0.22011098265647888,
            -0.2891484498977661,
            -0.27179935574531555,
            -0.254634290933609,
            -0.22011874616146088,
            -0.28915005922317505,
            -0.2718108892440796,
            -0.2546358108520508,
            -0.237296462059021,
            -0.3236709535121918,
            -0.2891574800014496,
            -0.2718161344528198,
            -0.2546432316303253,
            -0.23730161786079407
        ],
        "z": [
            -0.8029685020446777,
            -0.047740936279296875,
            0.8725252151489258,
            -1.379572868347168,
            -1.6681599617004395,
            -0.800774097442627,
            -0.3964400291442871,
            -0.14389705657958984,
            0.041079044342041016,
            -0.2051382064819336,
            -2.1353611946105957,
            2.5757479667663574,
            1.5046582221984863,
            -1.6258049011230469,
            0.0642552375793457,
            0.07897615432739258
        ]
    }
}
