{
    "clusters": {
        "0": {
            "color": 7.03547126954485,
            "eigenVal_0": 0.0002024911500240699,
            "eigenVal_1": 0.0015563112335757396,
            "eigenVal_2": 1.290180399298799,
            "eigenVec_0": [
                0.9808550004070979,
                0.19473844321145403,
                0.0006378965208063859
            ],
            "eigenVec_1": [
                -0.19473948484005152,
                0.9808503100786538,
                0.003033523172908473
            ],
            "eigenVec_2": [
                3.493742009302127e-05,
                0.003099670012841223,
                -0.999995195401052
            ],
            "mixing_coeff_norm": 0.40612617705172727,
            "mu_x": -0.4515820285368034,
            "mu_y": -0.2553847126413578,
            "mu_z": -0.22119053258730964
        },
        "1": {
            "color": 7.547910818770465,
            "eigenVal_0": 0.00019974923350877556,
            "eigenVal_1": 0.000892398296337447,
            "eigenVal_2": 1.3191949184471936,
            "eigenVec_0": [
                0.9690850801492198,
                0.24672600231340386,
                0.0006222657197246337
            ],
            "eigenVec_1": [
                -0.24672678694776512,
                0.96908205787701,
                0.002420269260052139
            ],
            "eigenVec_2": [
                5.8831851624428305e-06,
                0.0024989764515158733,
                -0.9999968775361664
            ],
            "mixing_coeff_norm": 0.2158463332242928,
            "mu_x": -0.4522143554603489,
            "mu_y": -0.258699624326234,
            "mu_z": -0.18080069581121486
        },
        "2": {
            "color": 7.538881624895194,
            "eigenVal_0": 0.00019987164169272886,
            "eigenVal_1": 0.0009113862816425962,
            "eigenVal_2": 1.3192021953064097,
            "eigenVec_0": [
                0.9694933813775632,
                0.24511666772230442,
                0.0006345626937644978
            ],
            "eigenVec_1": [
                -0.24511748904248457,
                0.969490190811851,
                0.0024872645836153933
            ],
            "eigenVec_2": [
                5.53230058036789e-06,
                0.002566928965685307,
                -0.9999967054171125
            ],
            "mixing_coeff_norm": 0.2522775198241582,
            "mu_x": -0.45220292627306746,
            "mu_y": -0.2586347802200296,
            "mu_z": -0.17835389567873422
        },
        "3": {
            "color": 7.550164596613267,
            "eigenVal_0": 0.00019975300728228577,
            "eigenVal_1": 0.0008982981544284965,
            "eigenVal_2": 1.318874016680588,
            "eigenVec_0": [
                0.9691540543708078,
                0.2464549149752319,
                0.0006275198621513384
            ],
            "eigenVec_1": [
                -0.24645571381695788,
                0.9691509628448586,
                0.0024479264403739994
            ],
            "eigenVec_2": [
                4.857975880063071e-06,
                0.002527073690050822,
                -0.9999968069323851
            ],
            "mixing_coeff_norm": 0.03984228172716358,
            "mu_x": -0.4522119741753373,
            "mu_y": -0.25868332093142465,
            "mu_z": -0.17922287554370103
        },
        "4": {
            "color": 6.898442062457886,
            "eigenVal_0": 0.00020357746662346313,
            "eigenVal_1": 0.0014702902790051054,
            "eigenVal_2": 1.379752344829154,
            "eigenVec_0": [
                0.9754974220384738,
                0.22000773246340768,
                0.0011735640598198504
            ],
            "eigenVec_1": [
                -0.22001085931757453,
                0.9754844304294913,
                0.0050346570879695645
            ],
            "eigenVec_2": [
                3.712997881085932e-05,
                0.005169491847427161,
                -0.9999866373984228
            ],
            "mixing_coeff_norm": 0.08590768817265816,
            "mu_x": -0.45197712575524585,
            "mu_y": -0.2570689082891531,
            "mu_z": -0.10632544968201565
        }
    },
    "data": {
        "w": [
            1.0320974588394165,
            6.217773914337158,
            2.5142457485198975,
            2.2014946937561035,
            1.4333767890930176,
            1.2778986692428589,
            2.3874073028564453,
            14.497570037841797,
            16.937450408935547,
            60.85871505737305,
            2.04378080368042,
            1.595380187034607,
            1.080560326576233,
            1.9543437957763672,
            2.4182074069976807,
            2.243567943572998
        ],
        "x": [
            -0.41626712679862976,
            -0.41629546880722046,
            -0.4159592092037201,
            -0.43326398730278015,
            -0.43362870812416077,
            -0.4332771897315979,
            -0.4332963228225708,
            -0.4552852511405945,
            -0.4556664228439331,
            -0.45529910922050476,
            -0.4556834399700165,
            -0.47254127264022827,
            -0.472549170255661,
            -0.4729427695274353,
            -0.4725634753704071,
            -0.47296029329299927
        ],
        "y": [
            -0.026266446337103844,
            -0.23727947473526,
            -0.22011098265647888,
            -0.2891484498977661,
            -0.27179935574531555,
            -0.254634290933609,
            -0.22011874616146088,
            -0.28915005922317505,
            -0.2718108892440796,
            -0.2546358108520508,
            -0.237296462059021,
            -0.3236709535121918,
            -0.2891574800014496,
            -0.2718161344528198,
            -0.2546432316303253,
            -0.23730161786079407
        ],
        "z": [
            -0.8029685020446777,
            -0.047740936279296875,
            0.8725252151489258,
            -1.379572868347168,
            -1.6681599617004395,
            -0.800774097442627,
            -0.3964400291442871,
            -0.14389705657958984,
            0.041079044342041016,
            -0.2051382064819336,
            -2.1353611946105957,
            2.5757479667663574,
            1.5046582221984863,
            -1.6258049011230469,
            0.0642552375793457,
            0.07897615432739258
        ]
    }
}
