{
    "clusters": {
        "0": {
            "color": 7.558599305825501,
            "eigenVal_0": 0.00019962820714998478,
            "eigenVal_1": 0.0008853398545156007,
            "eigenVal_2": 1.3191275463222254,
            "eigenVec_0": [
                0.9687780640816985,
                0.24792876859480664,
                0.0006231028639591511
            ],
            "eigenVec_1": [
                -0.24792955155837598,
                0.968775047606261,
                0.002417560660976188
            ],
            "eigenVec_2": [
                4.26366901673356e-06,
                0.0024965653505764985,
                -0.9999968835667796
            ],
            "mixing_coeff_norm": 0.40612617705172727,
            "mu_x": -0.4522227585553961,
            "mu_y": -0.25873722016622913,
            "mu_z": -0.17980324459002012
        },
        "1": {
            "color": 7.520976665600628,
            "eigenVal_0": 0.00020007849312431302,
            "eigenVal_1": 0.0009287816524917184,
            "eigenVal_2": 1.3188948965555753,
            "eigenVec_0": [
                0.9701036833196419,
                0.24269000768600069,
                0.0006354360970258389
            ],
            "eigenVec_1": [
                -0.24269083942815198,
                0.9701004460243595,
                0.00250620849043375
            ],
            "eigenVec_2": [
                8.205083338472181e-06,
                0.0025854966075270123,
                -0.9999966575643987
            ],
            "mixing_coeff_norm": 0.2158463332242928,
            "mu_x": -0.45218529075408753,
            "mu_y": -0.2585492644680424,
            "mu_z": -0.17950288361258326
        },
        "2": {
            "color": 7.547010531130515,
            "eigenVal_0": 0.00019977581964921907,
            "eigenVal_1": 0.0008996461363327109,
            "eigenVal_2": 1.3190198880006436,
            "eigenVec_0": [
                0.9692207205209379,
                0.24619260964582307,
                0.000627589557881416
            ],
            "eigenVec_1": [
                -0.24619340950424826,
                0.969217627428243,
                0.0024486320754423994
            ],
            "eigenVec_2": [
                5.435741572635007e-06,
                0.0025277733574751732,
                -0.9999968051610493
            ],
            "mixing_coeff_norm": 0.2522775198241582,
            "mu_x": -0.4522106716408702,
            "mu_y": -0.2586764727757761,
            "mu_z": -0.17951582406174801
        }
    },
    "data": {
        "w": [
            1.0320974588394165,
            6.217773914337158,
            2.5142457485198975,
            2.2014946937561035,
            1.4333767890930176,
            1.2778986692428589,
            2.3874073028564453,
            14.497570037841797,
            16.937450408935547,
            60.85871505737305,
            2.04378080368042,
            1.595380187034607,
            1.080560326576233,
            1.9543437957763672,
            2.4182074069976807,
            2.243567943572998
        ],
        "x": [
            -0.41626712679862976,
            -0.41629546880722046,
            -0.4159592092037201,
            -0.43326398730278015,
            -0.43362870812416077,
            -0.4332771897315979,
            -0.4332963228225708,
            -0.4552852511405945,
            -0.4556664228439331,
            -0.45529910922050476,
            -0.4556834399700165,
            -0.47254127264022827,
            -0.472549170255661,
            -0.4729427695274353,
            -0.4725634753704071,
            -0.47296029329299927
        ],
        "y": [
            -0.026266446337103844,
            -0.23727947473526,
            -0.22011098265647888,
            -0.2891484498977661,
            -0.27179935574531555,
            -0.254634290933609,
            -0.22011874616146088,
            -0.28915005922317505,
            -0.2718108892440796,
            -0.2546358108520508,
            -0.237296462059021,
            -0.3236709535121918,
            -0.2891574800014496,
            -0.2718161344528198,
            -0.2546432316303253,
            -0.23730161786079407
        ],
        "z": [
            -0.8029685020446777,
            -0.047740936279296875,
            0.8725252151489258,
            -1.379572868347168,
            -1.6681599617004395,
            -0.800774097442627,
            -0.3964400291442871,
            -0.14389705657958984,
            0.041079044342041016,
            -0.2051382064819336,
            -2.1353611946105957,
            2.5757479667663574,
            1.5046582221984863,
            -1.6258049011230469,
            0.0642552375793457,
            0.07897615432739258
        ]
    }
}
