{
    "clusters": {
        "0": {
            "color": 7.573496025559191,
            "eigenVal_0": 0.00019943415692957832,
            "eigenVal_1": 0.0008692032962204393,
            "eigenVal_2": 1.3193550238670855,
            "eigenVec_0": [
                0.968191411733302,
                0.2502099226928023,
                0.0006203482391760391
            ],
            "eigenVec_1": [
                -0.25021069170034743,
                0.9681884574862858,
                0.0023917669535553267
            ],
            "eigenVec_2": [
                2.1701802439689303e-06,
                0.0024709059853191997,
                -0.9999969473047916
            ],
            "mixing_coeff_norm": 0.40612617705172727,
            "mu_x": -0.45223795323079063,
            "mu_y": -0.25881149434208783,
            "mu_z": -0.17941392956274624
        },
        "1": {
            "color": 7.495204923461452,
            "eigenVal_0": 0.00020037501821023945,
            "eigenVal_1": 0.0009585828365719344,
            "eigenVal_2": 1.3184019766977033,
            "eigenVec_0": [
                0.9709659194559865,
                0.23921699841782582,
                0.0006410327265281991
            ],
            "eigenVec_1": [
                -0.23921785705649823,
                0.9709625551280119,
                0.0025560525384202767
            ],
            "eigenVec_2": [
                1.0967558031321466e-05,
                0.0026351863782883276,
                -0.9999965278302041
            ],
            "mixing_coeff_norm": 0.2158463332242928,
            "mu_x": -0.45215782779919034,
            "mu_y": -0.2584131159536758,
            "mu_z": -0.180001881479086
        },
        "2": {
            "color": 7.546959707160418,
            "eigenVal_0": 0.00019977362555740269,
            "eigenVal_1": 0.0008987466680704626,
            "eigenVal_2": 1.3191235031973518,
            "eigenVec_0": [
                0.9691914460676997,
                0.24630783004593185,
                0.0006274769039624295
            ],
            "eigenVec_1": [
                -0.24630862924453706,
                0.9691883564472874,
                0.002447220194963058
            ],
            "eigenVec_2": [
                5.373813394154964e-06,
                0.0025263778556997994,
                -0.9999968086879338
            ],
            "mixing_coeff_norm": 0.2522775198241582,
            "mu_x": -0.45221133054696716,
            "mu_y": -0.25868073332089614,
            "mu_z": -0.17954489905631654
        }
    },
    "data": {
        "w": [
            1.0320974588394165,
            6.217773914337158,
            2.5142457485198975,
            2.2014946937561035,
            1.4333767890930176,
            1.2778986692428589,
            2.3874073028564453,
            14.497570037841797,
            16.937450408935547,
            60.85871505737305,
            2.04378080368042,
            1.595380187034607,
            1.080560326576233,
            1.9543437957763672,
            2.4182074069976807,
            2.243567943572998
        ],
        "x": [
            -0.41626712679862976,
            -0.41629546880722046,
            -0.4159592092037201,
            -0.43326398730278015,
            -0.43362870812416077,
            -0.4332771897315979,
            -0.4332963228225708,
            -0.4552852511405945,
            -0.4556664228439331,
            -0.45529910922050476,
            -0.4556834399700165,
            -0.47254127264022827,
            -0.472549170255661,
            -0.4729427695274353,
            -0.4725634753704071,
            -0.47296029329299927
        ],
        "y": [
            -0.026266446337103844,
            -0.23727947473526,
            -0.22011098265647888,
            -0.2891484498977661,
            -0.27179935574531555,
            -0.254634290933609,
            -0.22011874616146088,
            -0.28915005922317505,
            -0.2718108892440796,
            -0.2546358108520508,
            -0.237296462059021,
            -0.3236709535121918,
            -0.2891574800014496,
            -0.2718161344528198,
            -0.2546432316303253,
            -0.23730161786079407
        ],
        "z": [
            -0.8029685020446777,
            -0.047740936279296875,
            0.8725252151489258,
            -1.379572868347168,
            -1.6681599617004395,
            -0.800774097442627,
            -0.3964400291442871,
            -0.14389705657958984,
            0.041079044342041016,
            -0.2051382064819336,
            -2.1353611946105957,
            2.5757479667663574,
            1.5046582221984863,
            -1.6258049011230469,
            0.0642552375793457,
            0.07897615432739258
        ]
    }
}
