{
    "clusters": {
        "0": {
            "color": 7.5962940840689415,
            "eigenVal_0": 0.0001991254981566508,
            "eigenVal_1": 0.0008437123667790819,
            "eigenVal_2": 1.319652829289988,
            "eigenVec_0": [
                0.9672222834238307,
                0.2539304558999984,
                0.0006148290897288331
            ],
            "eigenVec_1": [
                -0.25393120022370486,
                0.9672194372444918,
                0.002346437597122387
            ],
            "eigenVec_2": [
                -1.1573226090415456e-06,
                0.002425651019287423,
                -0.9999970581035693
            ],
            "mixing_coeff_norm": 0.40612617705172727,
            "mu_x": -0.4522610224244197,
            "mu_y": -0.25892593756016996,
            "mu_z": -0.17913740317762508
        },
        "1": {
            "color": 7.436800793801928,
            "eigenVal_0": 0.00020097239911472705,
            "eigenVal_1": 0.0010286168299826575,
            "eigenVal_2": 1.317301119856681,
            "eigenVec_0": [
                0.9726880931464763,
                0.23211515071833563,
                0.0006559406044521352
            ],
            "eigenVec_1": [
                -0.2321160769869163,
                0.9726844015044755,
                0.0026799018796012067
            ],
            "eigenVec_2": [
                1.5977365570148964e-05,
                0.0027589630089305726,
                -0.9999961939266768
            ],
            "mixing_coeff_norm": 0.2158463332242928,
            "mu_x": -0.45209526255435095,
            "mu_y": -0.25809666314333835,
            "mu_z": -0.18071986356384212
        },
        "2": {
            "color": 7.540228095335993,
            "eigenVal_0": 0.00019985824876113061,
            "eigenVal_1": 0.0009047585061590284,
            "eigenVal_2": 1.3192341833879375,
            "eigenVec_0": [
                0.9693752540476129,
                0.2455834298473866,
                0.0006291458653764946
            ],
            "eigenVec_1": [
                -0.24558423566121418,
                0.9693721343208421,
                0.002459348887954943
            ],
            "eigenVec_2": [
                5.901135223776309e-06,
                0.0025385402595209205,
                -0.9999967778840727
            ],
            "mixing_coeff_norm": 0.2522775198241582,
            "mu_x": -0.4522054050471412,
            "mu_y": -0.25865479875867714,
            "mu_z": -0.17957247887633476
        }
    },
    "data": {
        "w": [
            1.0320974588394165,
            6.217773914337158,
            2.5142457485198975,
            2.2014946937561035,
            1.4333767890930176,
            1.2778986692428589,
            2.3874073028564453,
            14.497570037841797,
            16.937450408935547,
            60.85871505737305,
            2.04378080368042,
            1.595380187034607,
            1.080560326576233,
            1.9543437957763672,
            2.4182074069976807,
            2.243567943572998
        ],
        "x": [
            -0.41626712679862976,
            -0.41629546880722046,
            -0.4159592092037201,
            -0.43326398730278015,
            -0.43362870812416077,
            -0.4332771897315979,
            -0.4332963228225708,
            -0.4552852511405945,
            -0.4556664228439331,
            -0.45529910922050476,
            -0.4556834399700165,
            -0.47254127264022827,
            -0.472549170255661,
            -0.4729427695274353,
            -0.4725634753704071,
            -0.47296029329299927
        ],
        "y": [
            -0.026266446337103844,
            -0.23727947473526,
            -0.22011098265647888,
            -0.2891484498977661,
            -0.27179935574531555,
            -0.254634290933609,
            -0.22011874616146088,
            -0.28915005922317505,
            -0.2718108892440796,
            -0.2546358108520508,
            -0.237296462059021,
            -0.3236709535121918,
            -0.2891574800014496,
            -0.2718161344528198,
            -0.2546432316303253,
            -0.23730161786079407
        ],
        "z": [
            -0.8029685020446777,
            -0.047740936279296875,
            0.8725252151489258,
            -1.379572868347168,
            -1.6681599617004395,
            -0.800774097442627,
            -0.3964400291442871,
            -0.14389705657958984,
            0.041079044342041016,
            -0.2051382064819336,
            -2.1353611946105957,
            2.5757479667663574,
            1.5046582221984863,
            -1.6258049011230469,
            0.0642552375793457,
            0.07897615432739258
        ]
    }
}
