{
    "clusters": {
        "0": {
            "color": 7.6251721295186154,
            "eigenVal_0": 0.0001987281101133607,
            "eigenVal_1": 0.000812347924281761,
            "eigenVal_2": 1.319854090194496,
            "eigenVec_0": [
                0.9658995185119258,
                0.25891649502212266,
                0.0006072428581831273
            ],
            "eigenVec_1": [
                -0.25891720704449905,
                0.9658968084249416,
                0.002288093264589584
            ],
            "eigenVec_2": [
                -5.891149693373045e-06,
                0.002367293807416273,
                -0.9999971979387358
            ],
            "mixing_coeff_norm": 0.40612617705172727,
            "mu_x": -0.45228838614741745,
            "mu_y": -0.2590651474098443,
            "mu_z": -0.1788596720062311
        },
        "1": {
            "color": 7.290794816240872,
            "eigenVal_0": 0.0002020928463048673,
            "eigenVal_1": 0.0012136316480720148,
            "eigenVal_2": 1.3139765051347405,
            "eigenVec_0": [
                0.9759804121091118,
                0.21785718010167915,
                0.0006958861062963676
            ],
            "eigenVec_1": [
                -0.21785829021587122,
                0.9759757753955531,
                0.003008525430512942
            ],
            "eigenVec_2": [
                2.3739115623782498e-05,
                0.0030878664468156594,
                -0.9999952322472646
            ],
            "mixing_coeff_norm": 0.2158463332242928,
            "mu_x": -0.4519348168816677,
            "mu_y": -0.2572558819577432,
            "mu_z": -0.1826645228646567
        },
        "2": {
            "color": 7.500199367383258,
            "eigenVal_0": 0.00020032847923137412,
            "eigenVal_1": 0.000945297712403466,
            "eigenVal_2": 1.3193910861448597,
            "eigenVec_0": [
                0.9705614301049978,
                0.2408528623258561,
                0.0006396108063151163
            ],
            "eigenVec_1": [
                -0.24085371141331055,
                0.9705581122038732,
                0.0025378206570846355
            ],
            "eigenVec_2": [
                9.538087393888702e-06,
                0.002617163482850829,
                -0.9999965751763
            ],
            "mixing_coeff_norm": 0.2522775198241582,
            "mu_x": -0.452167914474642,
            "mu_y": -0.2584769735090864,
            "mu_z": -0.17980979893062424
        }
    },
    "data": {
        "w": [
            1.0320974588394165,
            6.217773914337158,
            2.5142457485198975,
            2.2014946937561035,
            1.4333767890930176,
            1.2778986692428589,
            2.3874073028564453,
            14.497570037841797,
            16.937450408935547,
            60.85871505737305,
            2.04378080368042,
            1.595380187034607,
            1.080560326576233,
            1.9543437957763672,
            2.4182074069976807,
            2.243567943572998
        ],
        "x": [
            -0.41626712679862976,
            -0.41629546880722046,
            -0.4159592092037201,
            -0.43326398730278015,
            -0.43362870812416077,
            -0.4332771897315979,
            -0.4332963228225708,
            -0.4552852511405945,
            -0.4556664228439331,
            -0.45529910922050476,
            -0.4556834399700165,
            -0.47254127264022827,
            -0.472549170255661,
            -0.4729427695274353,
            -0.4725634753704071,
            -0.47296029329299927
        ],
        "y": [
            -0.026266446337103844,
            -0.23727947473526,
            -0.22011098265647888,
            -0.2891484498977661,
            -0.27179935574531555,
            -0.254634290933609,
            -0.22011874616146088,
            -0.28915005922317505,
            -0.2718108892440796,
            -0.2546358108520508,
            -0.237296462059021,
            -0.3236709535121918,
            -0.2891574800014496,
            -0.2718161344528198,
            -0.2546432316303253,
            -0.23730161786079407
        ],
        "z": [
            -0.8029685020446777,
            -0.047740936279296875,
            0.8725252151489258,
            -1.379572868347168,
            -1.6681599617004395,
            -0.800774097442627,
            -0.3964400291442871,
            -0.14389705657958984,
            0.041079044342041016,
            -0.2051382064819336,
            -2.1353611946105957,
            2.5757479667663574,
            1.5046582221984863,
            -1.6258049011230469,
            0.0642552375793457,
            0.07897615432739258
        ]
    }
}
