{
    "clusters": {
        "0": {
            "color": 7.649040577316237,
            "eigenVal_0": 0.0001984378745591009,
            "eigenVal_1": 0.0007893113876859283,
            "eigenVal_2": 1.319521007552483,
            "eigenVec_0": [
                0.9648104736056271,
                0.2629456031486272,
                0.0005998380535127177
            ],
            "eigenVec_1": [
                -0.26294628713331597,
                0.9648078741193603,
                0.002239669637236538
            ],
            "eigenVec_2": [
                -1.0182806391243465e-05,
                0.002318581912474861,
                -0.9999973120335003
            ],
            "mixing_coeff_norm": 0.40612617705172727,
            "mu_x": -0.45230592847931084,
            "mu_y": -0.25916411357874,
            "mu_z": -0.17867286266503532
        },
        "1": {
            "color": 6.925313570965315,
            "eigenVal_0": 0.00020324816328490445,
            "eigenVal_1": 0.0017421958311084015,
            "eigenVal_2": 1.3007975158457745,
            "eigenVec_0": [
                0.980766285813734,
                0.1951841198601363,
                0.0008074438418398862
            ],
            "eigenVec_1": [
                -0.1951857886596797,
                0.9807583688032449,
                0.0039408029254265195
            ],
            "eigenVec_2": [
                2.2725154681550412e-05,
                0.004022608211362465,
                -0.9999919090206408
            ],
            "mixing_coeff_norm": 0.2158463332242928,
            "mu_x": -0.4514932975066581,
            "mu_y": -0.2547970296226547,
            "mu_z": -0.18924578231367464
        },
        "2": {
            "color": 7.336521988494767,
            "eigenVal_0": 0.00020180994953320166,
            "eigenVal_1": 0.0011214202574649842,
            "eigenVal_2": 1.3196649166569305,
            "eigenVec_0": [
                0.9744302283719503,
                0.22468924991741668,
                0.0006862991604102599
            ],
            "eigenVec_1": [
                -0.2246902969962704,
                0.9744259732799184,
                0.0028797627006187966
            ],
            "eigenVec_2": [
                2.1696006201833254e-05,
                0.0029603325882018743,
                -0.9999956179705242
            ],
            "mixing_coeff_norm": 0.2522775198241582,
            "mu_x": -0.45201514527709763,
            "mu_y": -0.25770027438197807,
            "mu_z": -0.18114396950288372
        }
    },
    "data": {
        "w": [
            1.0320974588394165,
            6.217773914337158,
            2.5142457485198975,
            2.2014946937561035,
            1.4333767890930176,
            1.2778986692428589,
            2.3874073028564453,
            14.497570037841797,
            16.937450408935547,
            60.85871505737305,
            2.04378080368042,
            1.595380187034607,
            1.080560326576233,
            1.9543437957763672,
            2.4182074069976807,
            2.243567943572998
        ],
        "x": [
            -0.41626712679862976,
            -0.41629546880722046,
            -0.4159592092037201,
            -0.43326398730278015,
            -0.43362870812416077,
            -0.4332771897315979,
            -0.4332963228225708,
            -0.4552852511405945,
            -0.4556664228439331,
            -0.45529910922050476,
            -0.4556834399700165,
            -0.47254127264022827,
            -0.472549170255661,
            -0.4729427695274353,
            -0.4725634753704071,
            -0.47296029329299927
        ],
        "y": [
            -0.026266446337103844,
            -0.23727947473526,
            -0.22011098265647888,
            -0.2891484498977661,
            -0.27179935574531555,
            -0.254634290933609,
            -0.22011874616146088,
            -0.28915005922317505,
            -0.2718108892440796,
            -0.2546358108520508,
            -0.237296462059021,
            -0.3236709535121918,
            -0.2891574800014496,
            -0.2718161344528198,
            -0.2546432316303253,
            -0.23730161786079407
        ],
        "z": [
            -0.8029685020446777,
            -0.047740936279296875,
            0.8725252151489258,
            -1.379572868347168,
            -1.6681599617004395,
            -0.800774097442627,
            -0.3964400291442871,
            -0.14389705657958984,
            0.041079044342041016,
            -0.2051382064819336,
            -2.1353611946105957,
            2.5757479667663574,
            1.5046582221984863,
            -1.6258049011230469,
            0.0642552375793457,
            0.07897615432739258
        ]
    }
}
