{
    "clusters": {
        "0": {
            "color": 7.6556191661587984,
            "eigenVal_0": 0.00019846323030069988,
            "eigenVal_1": 0.000784400143249425,
            "eigenVal_2": 1.318962071001638,
            "eigenVec_0": [
                0.9645047217981528,
                0.26406492910840307,
                0.0005956878733468474
            ],
            "eigenVec_1": [
                -0.26406560070717344,
                0.9645021612646094,
                0.002222484883510571
            ],
            "eigenVec_2": [
                -1.2338071926526002e-05,
                0.002300897840380277,
                -0.9999973528549465
            ],
            "mixing_coeff_norm": 0.40612617705172727,
            "mu_x": -0.4523035697352706,
            "mu_y": -0.2591815686991441,
            "mu_z": -0.1785509390165255
        },
        "1": {
            "color": 6.356131986236686,
            "eigenVal_0": 0.00020033371548479708,
            "eigenVal_1": 0.0029764691247695175,
            "eigenVal_2": 1.234630143036048,
            "eigenVec_0": [
                0.9846727976238845,
                0.1744088378617269,
                0.0010192621225012183
            ],
            "eigenVec_1": [
                -0.174411808103058,
                0.9846541601462253,
                0.006058556012213706
            ],
            "eigenVec_2": [
                -5.3045024010020105e-05,
                0.006143466647823956,
                -0.9999811273237974
            ],
            "mixing_coeff_norm": 0.2158463332242928,
            "mu_x": -0.45044930789680176,
            "mu_y": -0.24859644447311588,
            "mu_z": -0.20774412591476804
        },
        "2": {
            "color": 6.7935267043275775,
            "eigenVal_0": 0.00020403778221209586,
            "eigenVal_1": 0.0017766316489370053,
            "eigenVal_2": 1.320000387230645,
            "eigenVec_0": [
                0.9807894871757952,
                0.19506723558591332,
                0.0008691641449101403
            ],
            "eigenVec_1": [
                -0.19506916809532684,
                0.9807806177707427,
                0.004171266454864833
            ],
            "eigenVec_2": [
                3.878193074638758e-05,
                0.004260681413826268,
                -0.9999909225037256
            ],
            "mixing_coeff_norm": 0.2522775198241582,
            "mu_x": -0.4514875605356823,
            "mu_y": -0.2547608169293176,
            "mu_z": -0.18752760543180394
        }
    },
    "data": {
        "w": [
            1.0320974588394165,
            6.217773914337158,
            2.5142457485198975,
            2.2014946937561035,
            1.4333767890930176,
            1.2778986692428589,
            2.3874073028564453,
            14.497570037841797,
            16.937450408935547,
            60.85871505737305,
            2.04378080368042,
            1.595380187034607,
            1.080560326576233,
            1.9543437957763672,
            2.4182074069976807,
            2.243567943572998
        ],
        "x": [
            -0.41626712679862976,
            -0.41629546880722046,
            -0.4159592092037201,
            -0.43326398730278015,
            -0.43362870812416077,
            -0.4332771897315979,
            -0.4332963228225708,
            -0.4552852511405945,
            -0.4556664228439331,
            -0.45529910922050476,
            -0.4556834399700165,
            -0.47254127264022827,
            -0.472549170255661,
            -0.4729427695274353,
            -0.4725634753704071,
            -0.47296029329299927
        ],
        "y": [
            -0.026266446337103844,
            -0.23727947473526,
            -0.22011098265647888,
            -0.2891484498977661,
            -0.27179935574531555,
            -0.254634290933609,
            -0.22011874616146088,
            -0.28915005922317505,
            -0.2718108892440796,
            -0.2546358108520508,
            -0.237296462059021,
            -0.3236709535121918,
            -0.2891574800014496,
            -0.2718161344528198,
            -0.2546432316303253,
            -0.23730161786079407
        ],
        "z": [
            -0.8029685020446777,
            -0.047740936279296875,
            0.8725252151489258,
            -1.379572868347168,
            -1.6681599617004395,
            -0.800774097442627,
            -0.3964400291442871,
            -0.14389705657958984,
            0.041079044342041016,
            -0.2051382064819336,
            -2.1353611946105957,
            2.5757479667663574,
            1.5046582221984863,
            -1.6258049011230469,
            0.0642552375793457,
            0.07897615432739258
        ]
    }
}
