{
	"clusters" : 
	{
		"0" : 
		{
			"eigenVal_0" : 0.0088022468536746896,
			"eigenVal_1" : 0.60465714338853449,
			"eigenVal_2" : 1.0376177733000387,
			"eigenVec_0" : 
			[
				1.3636781562090768e-05,
				-0.99999944977255917,
				-0.0010489368987386181
			],
			"eigenVec_1" : 
			[
				-0.99999999530339623,
				-1.3737424103859884e-05,
				9.5940039128172727e-05
			],
			"eigenVec_2" : 
			[
				9.5954396030482276e-05,
				-0.0010489355854988206,
				0.9999994452632921
			],
			"mixing_coeff_norm" : 0.40612617705172727,
			"mu_x" : 1.4701751986017337,
			"mu_y" : -1.3910084052142198,
			"mu_z" : -0.71870089544344173
		},
		"1" : 
		{
			"eigenVal_0" : 0.0087957460778771007,
			"eigenVal_1" : 0.60466207940470273,
			"eigenVal_2" : 1.0378979011155942,
			"eigenVec_0" : 
			[
				9.5637578851611025e-06,
				-0.99999875795706128,
				-0.0015760688021099671
			],
			"eigenVec_1" : 
			[
				-0.99999994432722583,
				-1.0089439626289114e-05,
				0.00033353222990516521
			],
			"eigenVec_2" : 
			[
				0.00033354771729506065,
				-0.0015760655245443509,
				0.99999870238084909
			],
			"mixing_coeff_norm" : 0.21584633322429281,
			"mu_x" : 1.4695375170269454,
			"mu_y" : -1.3907009294054626,
			"mu_z" : -0.68443280924321803
		},
		"2" : 
		{
			"eigenVal_0" : 0.0087986246346349328,
			"eigenVal_1" : 0.60466524256122789,
			"eigenVal_2" : 1.0499844963631177,
			"eigenVec_0" : 
			[
				6.1451945421283e-06,
				-0.9999976847537041,
				-0.0021518479192303517
			],
			"eigenVec_1" : 
			[
				-0.99999984491042426,
				-7.3435507209301797e-06,
				0.00055688885772071657
			],
			"eigenVec_2" : 
			[
				0.00055690337059019013,
				-0.0021518441633108028,
				0.99999752970961509
			],
			"mixing_coeff_norm" : 0.25227751982415819,
			"mu_x" : 1.4693235251598666,
			"mu_y" : -1.3906323231719293,
			"mu_z" : -0.66454809461480968
		},
		"3" : 
		{
			"eigenVal_0" : 0.010181294424781748,
			"eigenVal_1" : 0.60461397956055973,
			"eigenVal_2" : 2.9657306202621543,
			"eigenVec_0" : 
			[
				0.00014181586632938049,
				-0.99999420521377924,
				-0.0034013860589781884
			],
			"eigenVec_1" : 
			[
				0.99998571163088446,
				0.00012363662264053919,
				0.0053442724536405277
			],
			"eigenVec_2" : 
			[
				0.005343820948839631,
				0.003402095361346562,
				-0.99997993446109645
			],
			"mixing_coeff_norm" : 0.03984228172716358,
			"mu_x" : 1.47247109639706,
			"mu_y" : -1.3797613074258841,
			"mu_z" : -5.6169036911398642
		},
		"4" : 
		{
			"eigenVal_0" : 0.0087957460778771007,
			"eigenVal_1" : 0.60466207940470273,
			"eigenVal_2" : 1.0378979011155942,
			"eigenVec_0" : 
			[
				9.5637578851611025e-06,
				-0.99999875795706128,
				-0.0015760688021099671
			],
			"eigenVec_1" : 
			[
				-0.99999994432722583,
				-1.0089439626289114e-05,
				0.00033353222990516521
			],
			"eigenVec_2" : 
			[
				0.00033354771729506065,
				-0.0015760655245443509,
				0.99999870238084909
			],
			"mixing_coeff_norm" : 0.085907688172658161,
			"mu_x" : 1.4695375170269454,
			"mu_y" : -1.3907009294054626,
			"mu_z" : -0.68443280924321803
		}
	},
	"data" : 
	{
		"w" : 
		[
			0.66466563940048218,
			2.223721981048584,
			1.8766187429428101,
			0.8224489688873291,
			2.7103743553161621,
			42.659847259521484,
			108.06304931640625,
			3.9309186935424805,
			0.58972537517547607,
			0.69561767578125,
			3.0863301753997803,
			44.431655883789062,
			205.11215209960938,
			5.306769847869873,
			0.93210166692733765
		],
		"x" : 
		[
			1.4424395561218262,
			1.4432195425033569,
			1.442436695098877,
			1.4432229995727539,
			1.4595597982406616,
			1.4603426456451416,
			1.4595568180084229,
			1.4603461027145386,
			1.4595667123794556,
			1.4774497747421265,
			1.4766546487808228,
			1.4774402379989624,
			1.4766515493392944,
			1.4774436950683594,
			1.4766615629196167
		],
		"y" : 
		[
			-1.4216434955596924,
			-1.4044579267501831,
			-1.387128472328186,
			-1.3699431419372559,
			-1.4216413497924805,
			-1.4044563770294189,
			-1.3871263265609741,
			-1.3699417114257812,
			-1.3526110649108887,
			-1.4389697313308716,
			-1.4216393232345581,
			-1.4044549465179443,
			-1.3871241807937622,
			-1.3699401617050171,
			-1.3526089191436768
		],
		"z" : 
		[
			-0.10650539398193359,
			-0.86885929107666016,
			0.064123153686523438,
			0.97062301635742188,
			-1.5015583038330078,
			-0.57343864440917969,
			-0.69714641571044922,
			0.1302947998046875,
			-7.5789699554443359,
			-5.2425069808959961,
			-1.3140678405761719,
			-0.79745197296142578,
			-0.70376777648925781,
			-1.8082866668701172,
			-5.1822500228881836
		]
	}
}
