{
	"clusters" : 
	{
		"0" : 
		{
			"eigenVal_0" : 5.2309992093445072e-05,
			"eigenVal_1" : 7.6957195922447647e-05,
			"eigenVal_2" : 0.014023898598243255,
			"eigenVec_0" : 
			[
				0.60160677154118436,
				-0.79852357092614146,
				0.020721947571530324
			],
			"eigenVec_1" : 
			[
				-0.79839861663319267,
				-0.60192228975815321,
				-0.015786261448060033
			],
			"eigenVec_2" : 
			[
				0.025078703993582776,
				-0.0070472524905826938,
				-0.99966063983650821
			],
			"mixing_coeff_norm" : 0.40612617705172727,
			"mu_x" : 1.470130077731101,
			"mu_y" : -1.3912483035030565,
			"mu_z" : -0.70436408410083551
		},
		"1" : 
		{
			"eigenVal_0" : 4.0285601488309204e-05,
			"eigenVal_1" : 0.00022397868128388662,
			"eigenVal_2" : 0.9331279106612651,
			"eigenVec_0" : 
			[
				0.99289626388262153,
				0.1184435606248571,
				0.011319545681602004
			],
			"eigenVec_1" : 
			[
				-0.1184574442896825,
				0.99295897117029763,
				0.00056166251574878406
			],
			"eigenVec_2" : 
			[
				0.01117331912588395,
				0.0018985570654124363,
				-0.99993577414791046
			],
			"mixing_coeff_norm" : 0.21584633322429281,
			"mu_x" : 1.4679530223190604,
			"mu_y" : -1.3788470163989675,
			"mu_z" : -0.94919719377020328
		},
		"2" : 
		{
			"eigenVal_0" : 7.1652758992945666e-05,
			"eigenVal_1" : 0.00017451912774930583,
			"eigenVal_2" : 0.25241918191711465,
			"eigenVec_0" : 
			[
				0.9756043570786761,
				0.21924970694475396,
				0.011211799754848602
			],
			"eigenVec_1" : 
			[
				-0.21922009634129777,
				0.97566795333991774,
				-0.0038202337112762555
			],
			"eigenVec_2" : 
			[
				0.011776578841727942,
				-0.0012691848313628124,
				-0.99992984821968811
			],
			"mixing_coeff_norm" : 0.25227751982415819,
			"mu_x" : 1.4677030518736429,
			"mu_y" : -1.3883471056337127,
			"mu_z" : -0.68841868098320025
		},
		"3" : 
		{
			"eigenVal_0" : 4.6500897620217396e-06,
			"eigenVal_1" : 0.0013921659822665401,
			"eigenVal_2" : 1.2212263420982541,
			"eigenVec_0" : 
			[
				-0.99971416187887996,
				-0.022965764291976047,
				0.0066459167384177809
			],
			"eigenVec_1" : 
			[
				-0.023049961479348523,
				0.99965130832100346,
				-0.012882587003659055
			],
			"eigenVec_2" : 
			[
				0.0063477409059549328,
				0.013032092794010365,
				0.99989492985153128
			],
			"mixing_coeff_norm" : 0.03984228172716358,
			"mu_x" : 1.4723957233840583,
			"mu_y" : -1.3796252714567629,
			"mu_z" : -5.8065494239270601
		},
		"4" : 
		{
			"eigenVal_0" : 4.0285601488309204e-05,
			"eigenVal_1" : 0.00022397868128388662,
			"eigenVal_2" : 0.9331279106612651,
			"eigenVec_0" : 
			[
				0.99289626388262153,
				0.1184435606248571,
				0.011319545681602004
			],
			"eigenVec_1" : 
			[
				-0.1184574442896825,
				0.99295897117029763,
				0.00056166251574878406
			],
			"eigenVec_2" : 
			[
				0.01117331912588395,
				0.0018985570654124363,
				-0.99993577414791046
			],
			"mixing_coeff_norm" : 0.085907688172658161,
			"mu_x" : 1.4679530223190604,
			"mu_y" : -1.3788470163989675,
			"mu_z" : -0.94919719377020328
		}
	},
	"data" : 
	{
		"w" : 
		[
			0.66466563940048218,
			2.223721981048584,
			1.8766187429428101,
			0.8224489688873291,
			2.7103743553161621,
			42.659847259521484,
			108.06304931640625,
			3.9309186935424805,
			0.58972537517547607,
			0.69561767578125,
			3.0863301753997803,
			44.431655883789062,
			205.11215209960938,
			5.306769847869873,
			0.93210166692733765
		],
		"x" : 
		[
			1.4424395561218262,
			1.4432195425033569,
			1.442436695098877,
			1.4432229995727539,
			1.4595597982406616,
			1.4603426456451416,
			1.4595568180084229,
			1.4603461027145386,
			1.4595667123794556,
			1.4774497747421265,
			1.4766546487808228,
			1.4774402379989624,
			1.4766515493392944,
			1.4774436950683594,
			1.4766615629196167
		],
		"y" : 
		[
			-1.4216434955596924,
			-1.4044579267501831,
			-1.387128472328186,
			-1.3699431419372559,
			-1.4216413497924805,
			-1.4044563770294189,
			-1.3871263265609741,
			-1.3699417114257812,
			-1.3526110649108887,
			-1.4389697313308716,
			-1.4216393232345581,
			-1.4044549465179443,
			-1.3871241807937622,
			-1.3699401617050171,
			-1.3526089191436768
		],
		"z" : 
		[
			-0.10650539398193359,
			-0.86885929107666016,
			0.064123153686523438,
			0.97062301635742188,
			-1.5015583038330078,
			-0.57343864440917969,
			-0.69714641571044922,
			0.1302947998046875,
			-7.5789699554443359,
			-5.2425069808959961,
			-1.3140678405761719,
			-0.79745197296142578,
			-0.70376777648925781,
			-1.8082866668701172,
			-5.1822500228881836
		]
	}
}
