{
	"clusters" : 
	{
		"0" : 
		{
			"eigenVal_0" : 4.8710515377565988e-05,
			"eigenVal_1" : 6.0815343373552309e-05,
			"eigenVal_2" : 0.0030972339669080168,
			"eigenVec_0" : 
			[
				0.52785802997680842,
				-0.8465485084292691,
				0.068713339790629657
			],
			"eigenVec_1" : 
			[
				-0.84880215728192754,
				-0.52865801196184825,
				0.0074568211788209587
			],
			"eigenVec_2" : 
			[
				0.030013296762418831,
				-0.062260173985674155,
				-0.99760857692419869
			],
			"mixing_coeff_norm" : 0.40612617705172727,
			"mu_x" : 1.4702358688632744,
			"mu_y" : -1.3909841551976698,
			"mu_z" : -0.69960762691952105
		},
		"1" : 
		{
			"eigenVal_0" : 2.8992781116120878e-05,
			"eigenVal_1" : 0.00046000855466773311,
			"eigenVal_2" : 1.1066440099994073,
			"eigenVec_0" : 
			[
				0.98876281606206851,
				0.14904011016577051,
				0.011624935904491759
			],
			"eigenVec_1" : 
			[
				-0.14901904456122325,
				0.98883074130849347,
				-0.0026625929758905586
			],
			"eigenVec_2" : 
			[
				0.011891927138555664,
				-0.00090033608729592045,
				-0.99992888320313145
			],
			"mixing_coeff_norm" : 0.21584633322429281,
			"mu_x" : 1.4665038796322427,
			"mu_y" : -1.3823220576990334,
			"mu_z" : -1.0177481740610472
		},
		"2" : 
		{
			"eigenVal_0" : 5.3086740370587733e-05,
			"eigenVal_1" : 0.00054140744544346211,
			"eigenVal_2" : 0.79362906808217204,
			"eigenVec_0" : 
			[
				0.98765479767655651,
				0.15624471352947564,
				0.011206699807345004
			],
			"eigenVec_1" : 
			[
				-0.15617561777617056,
				0.98770588393876468,
				-0.0068017089745705354
			],
			"eigenVec_2" : 
			[
				0.012131654409492753,
				-0.0049675272354901901,
				-0.99991406962521201
			],
			"mixing_coeff_norm" : 0.25227751982415819,
			"mu_x" : 1.4645124932032103,
			"mu_y" : -1.3901315244213437,
			"mu_z" : -0.87480454897488091
		},
		"3" : 
		{
			"eigenVal_0" : 4.9822073576955924e-09,
			"eigenVal_1" : 0.0013682065121689477,
			"eigenVal_2" : 1.0985384698811915,
			"eigenVec_0" : 
			[
				-0.99987500349411818,
				-0.014004411452888679,
				0.0073385180721601117
			],
			"eigenVec_1" : 
			[
				-0.014111282901169954,
				0.99979208232188332,
				-0.014719504793152554
			],
			"eigenVec_2" : 
			[
				0.007130854263015643,
				0.014821220811076809,
				0.99986473201686066
			],
			"mixing_coeff_norm" : 0.03984228172716358,
			"mu_x" : 1.4723622577278856,
			"mu_y" : -1.3797009022174591,
			"mu_z" : -5.8385595085846855
		},
		"4" : 
		{
			"eigenVal_0" : 2.8992781116120878e-05,
			"eigenVal_1" : 0.00046000855466773311,
			"eigenVal_2" : 1.1066440099994073,
			"eigenVec_0" : 
			[
				0.98876281606206851,
				0.14904011016577051,
				0.011624935904491759
			],
			"eigenVec_1" : 
			[
				-0.14901904456122325,
				0.98883074130849347,
				-0.0026625929758905586
			],
			"eigenVec_2" : 
			[
				0.011891927138555664,
				-0.00090033608729592045,
				-0.99992888320313145
			],
			"mixing_coeff_norm" : 0.085907688172658161,
			"mu_x" : 1.4665038796322427,
			"mu_y" : -1.3823220576990334,
			"mu_z" : -1.0177481740610472
		}
	},
	"data" : 
	{
		"w" : 
		[
			0.66466563940048218,
			2.223721981048584,
			1.8766187429428101,
			0.8224489688873291,
			2.7103743553161621,
			42.659847259521484,
			108.06304931640625,
			3.9309186935424805,
			0.58972537517547607,
			0.69561767578125,
			3.0863301753997803,
			44.431655883789062,
			205.11215209960938,
			5.306769847869873,
			0.93210166692733765
		],
		"x" : 
		[
			1.4424395561218262,
			1.4432195425033569,
			1.442436695098877,
			1.4432229995727539,
			1.4595597982406616,
			1.4603426456451416,
			1.4595568180084229,
			1.4603461027145386,
			1.4595667123794556,
			1.4774497747421265,
			1.4766546487808228,
			1.4774402379989624,
			1.4766515493392944,
			1.4774436950683594,
			1.4766615629196167
		],
		"y" : 
		[
			-1.4216434955596924,
			-1.4044579267501831,
			-1.387128472328186,
			-1.3699431419372559,
			-1.4216413497924805,
			-1.4044563770294189,
			-1.3871263265609741,
			-1.3699417114257812,
			-1.3526110649108887,
			-1.4389697313308716,
			-1.4216393232345581,
			-1.4044549465179443,
			-1.3871241807937622,
			-1.3699401617050171,
			-1.3526089191436768
		],
		"z" : 
		[
			-0.10650539398193359,
			-0.86885929107666016,
			0.064123153686523438,
			0.97062301635742188,
			-1.5015583038330078,
			-0.57343864440917969,
			-0.69714641571044922,
			0.1302947998046875,
			-7.5789699554443359,
			-5.2425069808959961,
			-1.3140678405761719,
			-0.79745197296142578,
			-0.70376777648925781,
			-1.8082866668701172,
			-5.1822500228881836
		]
	}
}
