{
	"clusters" : 
	{
		"0" : 
		{
			"eigenVal_0" : 5.2317556102694656e-05,
			"eigenVal_1" : 7.6957428539739395e-05,
			"eigenVal_2" : 0.014029715474074229,
			"eigenVec_0" : 
			[
				0.60167546655530635,
				-0.79847196614330529,
				0.020715989686678888
			],
			"eigenVec_1" : 
			[
				-0.79834731125166003,
				-0.60199072104577012,
				-0.015771569105152757
			],
			"eigenVec_2" : 
			[
				0.025063989361216711,
				-0.007049188466625291,
				-0.99966099522751328
			],
			"mixing_coeff_norm" : 0.40612617705172727,
			"mu_x" : 1.4701301126107842,
			"mu_y" : -1.3912482019285339,
			"mu_z" : -0.70436942800760716
		},
		"1" : 
		{
			"eigenVal_0" : 0.00012137160698868151,
			"eigenVal_1" : 0.00055734111696351021,
			"eigenVal_2" : 5.3756386224477541,
			"eigenVec_0" : 
			[
				0.99894397119485623,
				-0.045907432564341329,
				0.0018574306986453792
			],
			"eigenVec_1" : 
			[
				0.045906274573346735,
				0.99894553232595673,
				0.00066136284080360304
			],
			"eigenVec_2" : 
			[
				0.0018858335680316349,
				0.00057539669893997409,
				-0.99999805627330729
			],
			"mixing_coeff_norm" : 0.21584633322429281,
			"mu_x" : 1.4690365139305643,
			"mu_y" : -1.379044836359498,
			"mu_z" : -2.1409980465573462
		},
		"2" : 
		{
			"eigenVal_0" : 7.1649300310246605e-05,
			"eigenVal_1" : 0.0001746007326245034,
			"eigenVal_2" : 0.25270709761244681,
			"eigenVec_0" : 
			[
				0.97570457841954372,
				0.21880344875928226,
				0.011208321113598423
			],
			"eigenVec_1" : 
			[
				-0.21877414704648243,
				0.97576815591942301,
				-0.0037918963188810304
			],
			"eigenVec_2" : 
			[
				0.011766402815877486,
				-0.0012476797077739692,
				-0.99992999507971636
			],
			"mixing_coeff_norm" : 0.25227751982415819,
			"mu_x" : 1.467705768989213,
			"mu_y" : -1.3883418672178753,
			"mu_z" : -0.68873335800894453
		},
		"3" : 
		{
			"eigenVal_0" : 0.00012137160698868151,
			"eigenVal_1" : 0.00055734111696351021,
			"eigenVal_2" : 5.3756386224477541,
			"eigenVec_0" : 
			[
				0.99894397119485623,
				-0.045907432564341329,
				0.0018574306986453792
			],
			"eigenVec_1" : 
			[
				0.045906274573346735,
				0.99894553232595673,
				0.00066136284080360304
			],
			"eigenVec_2" : 
			[
				0.0018858335680316349,
				0.00057539669893997409,
				-0.99999805627330729
			],
			"mixing_coeff_norm" : 0.03984228172716358,
			"mu_x" : 1.4690365139305643,
			"mu_y" : -1.379044836359498,
			"mu_z" : -2.1409980465573462
		}
	},
	"data" : 
	{
		"w" : 
		[
			0.66466563940048218,
			2.223721981048584,
			1.8766187429428101,
			0.8224489688873291,
			2.7103743553161621,
			42.659847259521484,
			108.06304931640625,
			3.9309186935424805,
			0.58972537517547607,
			0.69561767578125,
			3.0863301753997803,
			44.431655883789062,
			205.11215209960938,
			5.306769847869873,
			0.93210166692733765
		],
		"x" : 
		[
			1.4424395561218262,
			1.4432195425033569,
			1.442436695098877,
			1.4432229995727539,
			1.4595597982406616,
			1.4603426456451416,
			1.4595568180084229,
			1.4603461027145386,
			1.4595667123794556,
			1.4774497747421265,
			1.4766546487808228,
			1.4774402379989624,
			1.4766515493392944,
			1.4774436950683594,
			1.4766615629196167
		],
		"y" : 
		[
			-1.4216434955596924,
			-1.4044579267501831,
			-1.387128472328186,
			-1.3699431419372559,
			-1.4216413497924805,
			-1.4044563770294189,
			-1.3871263265609741,
			-1.3699417114257812,
			-1.3526110649108887,
			-1.4389697313308716,
			-1.4216393232345581,
			-1.4044549465179443,
			-1.3871241807937622,
			-1.3699401617050171,
			-1.3526089191436768
		],
		"z" : 
		[
			-0.10650539398193359,
			-0.86885929107666016,
			0.064123153686523438,
			0.97062301635742188,
			-1.5015583038330078,
			-0.57343864440917969,
			-0.69714641571044922,
			0.1302947998046875,
			-7.5789699554443359,
			-5.2425069808959961,
			-1.3140678405761719,
			-0.79745197296142578,
			-0.70376777648925781,
			-1.8082866668701172,
			-5.1822500228881836
		]
	}
}
