{
	"clusters" : 
	{
		"0" : 
		{
			"eigenVal_0" : 4.871111264703777e-05,
			"eigenVal_1" : 6.0819350250297144e-05,
			"eigenVal_2" : 0.0030980757763249349,
			"eigenVec_0" : 
			[
				0.52792642178500104,
				-0.84650698183472584,
				0.068699511543738018
			],
			"eigenVec_1" : 
			[
				-0.84875942690596839,
				-0.52872674237038308,
				0.0074476265114445002
			],
			"eigenVec_2" : 
			[
				0.03001880110092197,
				-0.062241156861561064,
				-0.9976095979755798
			],
			"mixing_coeff_norm" : 0.40612617705172727,
			"mu_x" : 1.4702358620425637,
			"mu_y" : -1.3909842288034955,
			"mu_z" : -0.69960832505096548
		},
		"1" : 
		{
			"eigenVal_0" : 0.00011702392011604792,
			"eigenVal_1" : 0.0010500430884713872,
			"eigenVal_2" : 7.1936880493189825,
			"eigenVec_0" : 
			[
				0.99631751269759083,
				-0.08572683508798494,
				0.0015243483470950918
			],
			"eigenVec_1" : 
			[
				0.085725459033317603,
				0.99631834776123762,
				0.00094635503084525014
			],
			"eigenVec_2" : 
			[
				0.0015998642482542974,
				0.00081219462867918697,
				-0.99999839038584093
			],
			"mixing_coeff_norm" : 0.21584633322429281,
			"mu_x" : 1.4692774692979418,
			"mu_y" : -1.3794897729989788,
			"mu_z" : -3.6187918308306624
		},
		"2" : 
		{
			"eigenVal_0" : 5.4525505162961352e-05,
			"eigenVal_1" : 0.00054416431321308598,
			"eigenVal_2" : 0.76131241550584761,
			"eigenVec_0" : 
			[
				0.98745054218272588,
				0.15753408597137414,
				0.011155200590079493
			],
			"eigenVec_1" : 
			[
				-0.15746192425970293,
				0.98749966847167825,
				-0.0070814671331107144
			],
			"eigenVec_2" : 
			[
				0.012131329336589501,
				-0.005236079209622547,
				-0.99991270335116667
			],
			"mixing_coeff_norm" : 0.25227751982415819,
			"mu_x" : 1.4645625571450647,
			"mu_y" : -1.3906919415522085,
			"mu_z" : -0.88143058027477783
		},
		"3" : 
		{
			"eigenVal_0" : 0.00011702392011604792,
			"eigenVal_1" : 0.0010500430884713872,
			"eigenVal_2" : 7.1936880493189825,
			"eigenVec_0" : 
			[
				0.99631751269759083,
				-0.08572683508798494,
				0.0015243483470950918
			],
			"eigenVec_1" : 
			[
				0.085725459033317603,
				0.99631834776123762,
				0.00094635503084525014
			],
			"eigenVec_2" : 
			[
				0.0015998642482542974,
				0.00081219462867918697,
				-0.99999839038584093
			],
			"mixing_coeff_norm" : 0.03984228172716358,
			"mu_x" : 1.4692774692979418,
			"mu_y" : -1.3794897729989788,
			"mu_z" : -3.6187918308306624
		}
	},
	"data" : 
	{
		"w" : 
		[
			0.66466563940048218,
			2.223721981048584,
			1.8766187429428101,
			0.8224489688873291,
			2.7103743553161621,
			42.659847259521484,
			108.06304931640625,
			3.9309186935424805,
			0.58972537517547607,
			0.69561767578125,
			3.0863301753997803,
			44.431655883789062,
			205.11215209960938,
			5.306769847869873,
			0.93210166692733765
		],
		"x" : 
		[
			1.4424395561218262,
			1.4432195425033569,
			1.442436695098877,
			1.4432229995727539,
			1.4595597982406616,
			1.4603426456451416,
			1.4595568180084229,
			1.4603461027145386,
			1.4595667123794556,
			1.4774497747421265,
			1.4766546487808228,
			1.4774402379989624,
			1.4766515493392944,
			1.4774436950683594,
			1.4766615629196167
		],
		"y" : 
		[
			-1.4216434955596924,
			-1.4044579267501831,
			-1.387128472328186,
			-1.3699431419372559,
			-1.4216413497924805,
			-1.4044563770294189,
			-1.3871263265609741,
			-1.3699417114257812,
			-1.3526110649108887,
			-1.4389697313308716,
			-1.4216393232345581,
			-1.4044549465179443,
			-1.3871241807937622,
			-1.3699401617050171,
			-1.3526089191436768
		],
		"z" : 
		[
			-0.10650539398193359,
			-0.86885929107666016,
			0.064123153686523438,
			0.97062301635742188,
			-1.5015583038330078,
			-0.57343864440917969,
			-0.69714641571044922,
			0.1302947998046875,
			-7.5789699554443359,
			-5.2425069808959961,
			-1.3140678405761719,
			-0.79745197296142578,
			-0.70376777648925781,
			-1.8082866668701172,
			-5.1822500228881836
		]
	}
}
