{
	"clusters" : 
	{
		"0" : 
		{
			"eigenVal_0" : 4.8608064646199275e-05,
			"eigenVal_1" : 5.9900921232340289e-05,
			"eigenVal_2" : 0.0029270241672614866,
			"eigenVec_0" : 
			[
				0.51212602217550218,
				-0.85590317233189306,
				0.071810145542945042
			],
			"eigenVec_1" : 
			[
				-0.85843876351322301,
				-0.5128228675797083,
				0.009777309712494759
			],
			"eigenVec_2" : 
			[
				0.028457454358853586,
				-0.066651827278228173,
				-0.99737039619786538
			],
			"mixing_coeff_norm" : 0.40612617705172727,
			"mu_x" : 1.4702360980821998,
			"mu_y" : -1.390969949386226,
			"mu_z" : -0.69943157110095078
		},
		"1" : 
		{
			"eigenVal_0" : 0.00012347081140466016,
			"eigenVal_1" : 0.00069063597839956871,
			"eigenVal_2" : 3.1940495719753477,
			"eigenVec_0" : 
			[
				-0.99999387226267611,
				0.00052952754802613805,
				0.0034604967380659768
			],
			"eigenVec_1" : 
			[
				-0.00052745294489248715,
				-0.99999968065936029,
				0.00060039534331228907
			],
			"eigenVec_2" : 
			[
				-0.0034608135588627231,
				-0.00059856641505205113,
				-0.99999383222485794
			],
			"mixing_coeff_norm" : 0.21584633322429281,
			"mu_x" : 1.4654921828327152,
			"mu_y" : -1.388780954561474,
			"mu_z" : -1.4195060615967972
		}
	},
	"data" : 
	{
		"w" : 
		[
			0.66466563940048218,
			2.223721981048584,
			1.8766187429428101,
			0.8224489688873291,
			2.7103743553161621,
			42.659847259521484,
			108.06304931640625,
			3.9309186935424805,
			0.58972537517547607,
			0.69561767578125,
			3.0863301753997803,
			44.431655883789062,
			205.11215209960938,
			5.306769847869873,
			0.93210166692733765
		],
		"x" : 
		[
			1.4424395561218262,
			1.4432195425033569,
			1.442436695098877,
			1.4432229995727539,
			1.4595597982406616,
			1.4603426456451416,
			1.4595568180084229,
			1.4603461027145386,
			1.4595667123794556,
			1.4774497747421265,
			1.4766546487808228,
			1.4774402379989624,
			1.4766515493392944,
			1.4774436950683594,
			1.4766615629196167
		],
		"y" : 
		[
			-1.4216434955596924,
			-1.4044579267501831,
			-1.387128472328186,
			-1.3699431419372559,
			-1.4216413497924805,
			-1.4044563770294189,
			-1.3871263265609741,
			-1.3699417114257812,
			-1.3526110649108887,
			-1.4389697313308716,
			-1.4216393232345581,
			-1.4044549465179443,
			-1.3871241807937622,
			-1.3699401617050171,
			-1.3526089191436768
		],
		"z" : 
		[
			-0.10650539398193359,
			-0.86885929107666016,
			0.064123153686523438,
			0.97062301635742188,
			-1.5015583038330078,
			-0.57343864440917969,
			-0.69714641571044922,
			0.1302947998046875,
			-7.5789699554443359,
			-5.2425069808959961,
			-1.3140678405761719,
			-0.79745197296142578,
			-0.70376777648925781,
			-1.8082866668701172,
			-5.1822500228881836
		]
	}
}
