{
	"clusters" : 
	{
		"0" : 
		{
			"eigenVal_0" : 0.00010732870033089405,
			"eigenVal_1" : 0.00039193536879058433,
			"eigenVal_2" : 0.32865179900109948,
			"eigenVec_0" : 
			[
				0.97578907585677055,
				0.21838895926574398,
				0.011913937611739209
			],
			"eigenVec_1" : 
			[
				-0.21841456975943485,
				0.97585567944941454,
				0.00087670013309889042
			],
			"eigenVec_2" : 
			[
				0.011434822053366088,
				0.00345765197028873,
				-0.99992864219776245
			],
			"mixing_coeff_norm" : 0.40612617705172727,
			"mu_x" : 1.4651104066220646,
			"mu_y" : -1.3993885118640805,
			"mu_z" : -1.02339628235563
		},
		"1" : 
		{
			"eigenVal_0" : 0.00010193483586572709,
			"eigenVal_1" : 0.00033227698388565112,
			"eigenVal_2" : 0.42481079076045758,
			"eigenVec_0" : 
			[
				0.95118220478725157,
				0.30837761132725378,
				0.012476462966761319
			],
			"eigenVec_1" : 
			[
				-0.30829144060372038,
				0.95125511939436014,
				-0.0083717069050772541
			],
			"eigenVec_2" : 
			[
				0.014449946247185411,
				-0.0041166318901421205,
				-0.99988711982670075
			],
			"mixing_coeff_norm" : 0.21584633322429281,
			"mu_x" : 1.4609469490086791,
			"mu_y" : -1.3975974962372875,
			"mu_z" : -0.68582801813508065
		},
		"2" : 
		{
			"eigenVal_0" : 2.9545881156329372e-05,
			"eigenVal_1" : 0.00017840851409283269,
			"eigenVal_2" : 0.45084715577805717,
			"eigenVec_0" : 
			[
				0.89603691410326769,
				0.44386149589981522,
				0.010238213802773793
			],
			"eigenVec_1" : 
			[
				-0.44363553412155998,
				0.89601213929755341,
				-0.01870184739804516
			],
			"eigenVec_2" : 
			[
				0.017474593814195621,
				-0.012215510181730635,
				-0.99977268410475606
			],
			"mixing_coeff_norm" : 0.25227751982415819,
			"mu_x" : 1.4489769019543044,
			"mu_y" : -1.3815912909041663,
			"mu_z" : 0.35198250807726827
		},
		"3" : 
		{
			"eigenVal_0" : 1.5069949249315038e-08,
			"eigenVal_1" : 0.0012742229168631379,
			"eigenVal_2" : 1.2460125773238448,
			"eigenVec_0" : 
			[
				-0.99987470464123207,
				-0.014005538607912333,
				0.0073769849472203339
			],
			"eigenVec_1" : 
			[
				-0.014133212379136794,
				0.99974610997839819,
				-0.017549013958251463
			],
			"eigenVec_2" : 
			[
				0.0071293286118296302,
				0.01765107564322841,
				0.99981878968250115
			],
			"mixing_coeff_norm" : 0.03984228172716358,
			"mu_x" : 1.4712260985347507,
			"mu_y" : -1.3813965014646383,
			"mu_z" : -6.0011555718405942
		},
		"4" : 
		{
			"eigenVal_0" : 7.0803551475314355e-05,
			"eigenVal_1" : 0.00028128203099418155,
			"eigenVal_2" : 0.53770541346519163,
			"eigenVec_0" : 
			[
				0.91713470215383985,
				0.39840104037279273,
				0.01185534204755255
			],
			"eigenVec_1" : 
			[
				-0.39822363925337922,
				0.9171681708374877,
				-0.0148485535461013
			],
			"eigenVec_2" : 
			[
				0.016789021561204497,
				-0.0088970462791491695,
				-0.99981946936560717
			],
			"mixing_coeff_norm" : 0.085907688172658161,
			"mu_x" : 1.4555709920926532,
			"mu_y" : -1.3918729430026135,
			"mu_z" : -0.24505052858328666
		}
	},
	"data" : 
	{
		"w" : 
		[
			1.0,
			1.0,
			1.0,
			1.0,
			1.0,
			1.0,
			1.0,
			1.0,
			1.0,
			1.0,
			1.0,
			1.0,
			1.0,
			1.0,
			1.0
		],
		"x" : 
		[
			1.4424395561218262,
			1.4432195425033569,
			1.442436695098877,
			1.4432229995727539,
			1.4595597982406616,
			1.4603426456451416,
			1.4595568180084229,
			1.4603461027145386,
			1.4595667123794556,
			1.4774497747421265,
			1.4766546487808228,
			1.4774402379989624,
			1.4766515493392944,
			1.4774436950683594,
			1.4766615629196167
		],
		"y" : 
		[
			-1.4216434955596924,
			-1.4044579267501831,
			-1.387128472328186,
			-1.3699431419372559,
			-1.4216413497924805,
			-1.4044563770294189,
			-1.3871263265609741,
			-1.3699417114257812,
			-1.3526110649108887,
			-1.4389697313308716,
			-1.4216393232345581,
			-1.4044549465179443,
			-1.3871241807937622,
			-1.3699401617050171,
			-1.3526089191436768
		],
		"z" : 
		[
			-0.10650539398193359,
			-0.86885929107666016,
			0.064123153686523438,
			0.97062301635742188,
			-1.5015583038330078,
			-0.57343864440917969,
			-0.69714641571044922,
			0.1302947998046875,
			-7.5789699554443359,
			-5.2425069808959961,
			-1.3140678405761719,
			-0.79745197296142578,
			-0.70376777648925781,
			-1.8082866668701172,
			-5.1822500228881836
		]
	}
}
