{
	"clusters" : 
	{
		"0" : 
		{
			"eigenVal_0" : 0.0001038220944199823,
			"eigenVal_1" : 0.00040352019764806386,
			"eigenVal_2" : 0.38622065100579389,
			"eigenVec_0" : 
			[
				0.97626529899194003,
				0.21624257505164599,
				0.012050507010531985
			],
			"eigenVec_1" : 
			[
				-0.21624719712525864,
				0.97633819854127535,
				-0.00093370479608594363
			],
			"eigenVec_2" : 
			[
				0.01196727703561549,
				0.0016943447730448789,
				-0.99992695407021737
			],
			"mixing_coeff_norm" : 0.40612617705172727,
			"mu_x" : 1.4645497132990801,
			"mu_y" : -1.3986045116865573,
			"mu_z" : -0.98067876960081257
		},
		"1" : 
		{
			"eigenVal_0" : 9.6104964394695992e-05,
			"eigenVal_1" : 0.00034273009339926821,
			"eigenVal_2" : 0.5229358577369686,
			"eigenVec_0" : 
			[
				0.95651672299503621,
				0.2914245947852272,
				0.01214348323601196
			],
			"eigenVec_1" : 
			[
				-0.29132529176298594,
				0.95657874368550622,
				-0.0093102904503473485
			],
			"eigenVec_2" : 
			[
				0.014329445559695579,
				-0.0053677447149481109,
				-0.99988292029948533
			],
			"mixing_coeff_norm" : 0.21584633322429281,
			"mu_x" : 1.46031261878137,
			"mu_y" : -1.3962610072740249,
			"mu_z" : -0.63251186833226369
		},
		"2" : 
		{
			"eigenVal_0" : 6.0450184592043032e-09,
			"eigenVal_1" : 0.0012741607390142195,
			"eigenVal_2" : 1.2458077755041439,
			"eigenVec_0" : 
			[
				-0.9998749576350402,
				-0.01398686162914063,
				0.0073781295796726534
			],
			"eigenVec_1" : 
			[
				-0.014114580904437523,
				0.99974631683463755,
				-0.0175522244023124
			],
			"eigenVec_2" : 
			[
				0.0071307573384076194,
				0.017654168837538644,
				0.99981872488088408
			],
			"mixing_coeff_norm" : 0.25227751982415819,
			"mu_x" : 1.4712260504754529,
			"mu_y" : -1.3813965406530613,
			"mu_z" : -6.0012072072102498
		},
		"3" : 
		{
			"eigenVal_0" : 5.4162309953958388e-05,
			"eigenVal_1" : 0.00023744298792476436,
			"eigenVal_2" : 0.6449481745023945,
			"eigenVec_0" : 
			[
				0.91981624920990712,
				0.39219027041083354,
				0.011174054076094684
			],
			"eigenVec_1" : 
			[
				-0.39200297750297169,
				0.91982784135011042,
				-0.015824282163835732
			],
			"eigenVec_2" : 
			[
				0.016484335540835594,
				-0.010175169397770181,
				-0.99981234869824653
			],
			"mixing_coeff_norm" : 0.03984228172716358,
			"mu_x" : 1.4528293378238282,
			"mu_y" : -1.3870672361412935,
			"mu_z" : 0.013385676842038259
		}
	},
	"data" : 
	{
		"w" : 
		[
			1.0,
			1.0,
			1.0,
			1.0,
			1.0,
			1.0,
			1.0,
			1.0,
			1.0,
			1.0,
			1.0,
			1.0,
			1.0,
			1.0,
			1.0
		],
		"x" : 
		[
			1.4424395561218262,
			1.4432195425033569,
			1.442436695098877,
			1.4432229995727539,
			1.4595597982406616,
			1.4603426456451416,
			1.4595568180084229,
			1.4603461027145386,
			1.4595667123794556,
			1.4774497747421265,
			1.4766546487808228,
			1.4774402379989624,
			1.4766515493392944,
			1.4774436950683594,
			1.4766615629196167
		],
		"y" : 
		[
			-1.4216434955596924,
			-1.4044579267501831,
			-1.387128472328186,
			-1.3699431419372559,
			-1.4216413497924805,
			-1.4044563770294189,
			-1.3871263265609741,
			-1.3699417114257812,
			-1.3526110649108887,
			-1.4389697313308716,
			-1.4216393232345581,
			-1.4044549465179443,
			-1.3871241807937622,
			-1.3699401617050171,
			-1.3526089191436768
		],
		"z" : 
		[
			-0.10650539398193359,
			-0.86885929107666016,
			0.064123153686523438,
			0.97062301635742188,
			-1.5015583038330078,
			-0.57343864440917969,
			-0.69714641571044922,
			0.1302947998046875,
			-7.5789699554443359,
			-5.2425069808959961,
			-1.3140678405761719,
			-0.79745197296142578,
			-0.70376777648925781,
			-1.8082866668701172,
			-5.1822500228881836
		]
	}
}
