{
	"clusters" : 
	{
		"0" : 
		{
			"eigenVal_0" : 9.4123692991112743e-05,
			"eigenVal_1" : 0.00033930792968713057,
			"eigenVal_2" : 0.55010142873093104,
			"eigenVec_0" : 
			[
				0.95582687825713775,
				0.29368261259301726,
				0.012062415253780139
			],
			"eigenVec_1" : 
			[
				-0.29357596993364671,
				0.95588487014120171,
				-0.0098622975343942119
			],
			"eigenVec_2" : 
			[
				0.014426665544519544,
				-0.0058854138068724854,
				-0.99987860924493666
			],
			"mixing_coeff_norm" : 0.40612617705172727,
			"mu_x" : 1.4599428423250234,
			"mu_y" : -1.3957914689420952,
			"mu_z" : -0.60050236187145289
		},
		"1" : 
		{
			"eigenVal_0" : 2.9526609059826221e-09,
			"eigenVal_1" : 0.0012741385624335402,
			"eigenVal_2" : 1.2457362588968637,
			"eigenVec_0" : 
			[
				-0.99987504647439673,
				-0.01398029981488551,
				0.0073785266082506936
			],
			"eigenVec_1" : 
			[
				-0.014108035033625834,
				0.99974638931564519,
				-0.017553358590894391
			],
			"eigenVec_2" : 
			[
				0.0071312541192092007,
				0.017655261748738021,
				0.99981870203916001
			],
			"mixing_coeff_norm" : 0.21584633322429281,
			"mu_x" : 1.4712260325214097,
			"mu_y" : -1.3813965574163987,
			"mu_z" : -6.0012253238472075
		}
	},
	"data" : 
	{
		"w" : 
		[
			1.0,
			1.0,
			1.0,
			1.0,
			1.0,
			1.0,
			1.0,
			1.0,
			1.0,
			1.0,
			1.0,
			1.0,
			1.0,
			1.0,
			1.0
		],
		"x" : 
		[
			1.4424395561218262,
			1.4432195425033569,
			1.442436695098877,
			1.4432229995727539,
			1.4595597982406616,
			1.4603426456451416,
			1.4595568180084229,
			1.4603461027145386,
			1.4595667123794556,
			1.4774497747421265,
			1.4766546487808228,
			1.4774402379989624,
			1.4766515493392944,
			1.4774436950683594,
			1.4766615629196167
		],
		"y" : 
		[
			-1.4216434955596924,
			-1.4044579267501831,
			-1.387128472328186,
			-1.3699431419372559,
			-1.4216413497924805,
			-1.4044563770294189,
			-1.3871263265609741,
			-1.3699417114257812,
			-1.3526110649108887,
			-1.4389697313308716,
			-1.4216393232345581,
			-1.4044549465179443,
			-1.3871241807937622,
			-1.3699401617050171,
			-1.3526089191436768
		],
		"z" : 
		[
			-0.10650539398193359,
			-0.86885929107666016,
			0.064123153686523438,
			0.97062301635742188,
			-1.5015583038330078,
			-0.57343864440917969,
			-0.69714641571044922,
			0.1302947998046875,
			-7.5789699554443359,
			-5.2425069808959961,
			-1.3140678405761719,
			-0.79745197296142578,
			-0.70376777648925781,
			-1.8082866668701172,
			-5.1822500228881836
		]
	}
}
