{
	"clusters" : 
	{
		"0" : 
		{
			"eigenVal_0" : 7.9533896790022165e-05,
			"eigenVal_1" : 0.00017096887630012997,
			"eigenVal_2" : 0.45152315917404368,
			"eigenVec_0" : 
			[
				0.16606094162933088,
				-0.98611543490216647,
				0.00033572740697844787
			],
			"eigenVec_1" : 
			[
				0.98605958142770278,
				0.16604789134818226,
				-0.010705122766516868
			],
			"eigenVec_2" : 
			[
				0.010500739964588513,
				0.0021087499932644863,
				0.9999426421718709
			],
			"mixing_coeff_norm" : 0.40612617705172727,
			"mu_x" : 1.1337859673673352,
			"mu_y" : 0.67283668345997816,
			"mu_z" : 0.31995188563442356
		},
		"1" : 
		{
			"eigenVal_0" : 4.6637524780120883e-05,
			"eigenVal_1" : 0.00013258716900616682,
			"eigenVal_2" : 0.31689288191493231,
			"eigenVec_0" : 
			[
				0.22797413289501456,
				-0.97366700676379025,
				0.00059554211237028637
			],
			"eigenVec_1" : 
			[
				0.97355997360406155,
				0.22793991019859283,
				-0.014979156675745465
			],
			"eigenVec_2" : 
			[
				0.014448962828705558,
				0.0039946562178509526,
				0.99988762878379289
			],
			"mixing_coeff_norm" : 0.21584633322429281,
			"mu_x" : 1.1337208662747178,
			"mu_y" : 0.67611102326325256,
			"mu_z" : 0.062934594939396793
		},
		"2" : 
		{
			"eigenVal_0" : 3.6520202429879719e-12,
			"eigenVal_1" : 1.8242978797122077e-11,
			"eigenVal_2" : 1.1698446021605126e-05,
			"eigenVec_0" : 
			[
				0.98517268454601037,
				0.17152289414105093,
				0.0038312412982175539
			],
			"eigenVec_1" : 
			[
				0.17149244721180321,
				-0.98515900265788814,
				0.0072166495981327546
			],
			"eigenVec_2" : 
			[
				-0.0050122024813673387,
				0.0064526171119302983,
				0.99996662022224136
			],
			"mixing_coeff_norm" : 0.25227751982415819,
			"mu_x" : 1.1124523976050351,
			"mu_y" : 0.65536095568730113,
			"mu_z" : -5.011115850837454
		},
		"3" : 
		{
			"eigenVal_0" : 0.00017353370226173517,
			"eigenVal_1" : 0.00024783366830809103,
			"eigenVal_2" : 0.51370258715512107,
			"eigenVec_0" : 
			[
				0.15418494728301316,
				-0.98802114947857744,
				0.006419518234602831
			],
			"eigenVec_1" : 
			[
				0.98803437821925866,
				0.15420602993535068,
				0.0029270784855408628
			],
			"eigenVec_2" : 
			[
				-0.0038819438709540104,
				0.0058913932654066038,
				0.9999751106888487
			],
			"mixing_coeff_norm" : 0.03984228172716358,
			"mu_x" : 1.1363236452599355,
			"mu_y" : 0.66931734017294464,
			"mu_z" : 1.1035737304009379
		},
		"4" : 
		{
			"eigenVal_0" : 7.7411314622438828e-05,
			"eigenVal_1" : 0.00016795360635681137,
			"eigenVal_2" : 0.87455720873076437,
			"eigenVec_0" : 
			[
				0.36810999230407909,
				-0.92965174307856413,
				0.015577873952461021
			],
			"eigenVec_1" : 
			[
				-0.92967287450098701,
				-0.36827200634154422,
				-0.0091692836277255229
			],
			"eigenVec_2" : 
			[
				0.014261135402305372,
				-0.011107021930362488,
				-0.99983661369289534
			],
			"mixing_coeff_norm" : 0.085907688172658161,
			"mu_x" : 1.1286584662730845,
			"mu_y" : 0.68357044797444644,
			"mu_z" : 2.6067506516327441
		}
	},
	"data" : 
	{
		"x" : 
		[
			1.1124523878097534,
			1.1117414236068726,
			1.1124439239501953,
			1.1295614242553711,
			1.1288450956344604,
			1.1295527219772339,
			1.1519508361816406,
			1.1512279510498047,
			1.151942253112793
		],
		"y" : 
		[
			0.65536093711853027,
			0.67269635200500488,
			0.68987530469894409,
			0.65536350011825562,
			0.67269992828369141,
			0.68987786769866943,
			0.6553727388381958,
			0.67270380258560181,
			0.68988716602325439
		],
		"z" : 
		[
			-5.0111184120178223,
			1.0404658317565918,
			3.455411434173584,
			0.84769582748413086,
			-0.084094524383544922,
			-0.48391294479370117,
			1.5050840377807617,
			0.099667072296142578,
			1.9542474746704102
		]
	}
}
