{
	"clusters" : 
	{
		"0" : 
		{
			"eigenVal_0" : 0.00011027940114282782,
			"eigenVal_1" : 0.00012148971067219251,
			"eigenVal_2" : 5.827582424497133,
			"eigenVec_0" : 
			[
				0.93015441731818527,
				-0.36714753715281462,
				0.0039301279992259618
			],
			"eigenVec_1" : 
			[
				-0.3671592450199162,
				-0.93015379710768598,
				0.0028288730192792058
			],
			"eigenVec_2" : 
			[
				-0.0026170097196528941,
				0.0040742715639421195,
				0.99998827571694593
			],
			"mixing_coeff_norm" : 0.40612617705172727,
			"mu_x" : 1.1278214305888736,
			"mu_y" : 0.66892537085389592,
			"mu_z" : -1.2651685912456718
		},
		"1" : 
		{
			"eigenVal_0" : 0.00010164412115573099,
			"eigenVal_1" : 0.00012765017399343464,
			"eigenVal_2" : 3.4710011566621981,
			"eigenVec_0" : 
			[
				0.99652236157378415,
				0.08322653636011515,
				0.0040652833734754444
			],
			"eigenVec_1" : 
			[
				0.083214844583275355,
				-0.99652721784372789,
				0.0029654236831562989
			],
			"eigenVec_2" : 
			[
				-0.0042979674719052117,
				0.0026168190876951214,
				0.99998733978659593
			],
			"mixing_coeff_norm" : 0.21584633322429281,
			"mu_x" : 1.1305489453644779,
			"mu_y" : 0.67367729748740546,
			"mu_z" : -0.76702043261178687
		},
		"2" : 
		{
			"eigenVal_0" : 0.00017976927676993399,
			"eigenVal_1" : 0.00022795509840522804,
			"eigenVal_2" : 0.55194754198761486,
			"eigenVec_0" : 
			[
				0.0035332294540467374,
				-0.99996872862211261,
				0.0070751726127799962
			],
			"eigenVec_1" : 
			[
				0.99999241082740853,
				0.0035447504175740666,
				0.0016164875702083551
			],
			"eigenVec_2" : 
			[
				-0.0016415167414883685,
				0.0070694074965787605,
				0.99997366410342758
			],
			"mixing_coeff_norm" : 0.25227751982415819,
			"mu_x" : 1.1368893355261507,
			"mu_y" : 0.66996729167974167,
			"mu_z" : 1.0421036835031121
		},
		"3" : 
		{
			"eigenVal_0" : 4.6339103486905397e-05,
			"eigenVal_1" : 0.00010832472194648542,
			"eigenVal_2" : 0.71223972894549947,
			"eigenVec_0" : 
			[
				0.45579839458862964,
				-0.88991029892518458,
				0.017535203372539578
			],
			"eigenVec_1" : 
			[
				-0.88995728297718069,
				-0.45597670610496699,
				-0.0078280243700842803
			],
			"eigenVec_2" : 
			[
				0.01496188378186664,
				-0.012037581009192534,
				-0.99981560233732336
			],
			"mixing_coeff_norm" : 0.03984228172716358,
			"mu_x" : 1.1238173142160484,
			"mu_y" : 0.68629188993731349,
			"mu_z" : 2.8942232161649537
		}
	},
	"data" : 
	{
		"x" : 
		[
			1.1124523878097534,
			1.1117414236068726,
			1.1124439239501953,
			1.1295614242553711,
			1.1288450956344604,
			1.1295527219772339,
			1.1519508361816406,
			1.1512279510498047,
			1.151942253112793
		],
		"y" : 
		[
			0.65536093711853027,
			0.67269635200500488,
			0.68987530469894409,
			0.65536350011825562,
			0.67269992828369141,
			0.68987786769866943,
			0.6553727388381958,
			0.67270380258560181,
			0.68988716602325439
		],
		"z" : 
		[
			-5.0111184120178223,
			1.0404658317565918,
			3.455411434173584,
			0.84769582748413086,
			-0.084094524383544922,
			-0.48391294479370117,
			1.5050840377807617,
			0.099667072296142578,
			1.9542474746704102
		]
	}
}
