{
	"clusters" : 
	{
		"0" : 
		{
			"eigenVal_0" : 0.00010346867843159331,
			"eigenVal_1" : 0.00013502740213748528,
			"eigenVal_2" : 7.7619710625872242,
			"eigenVec_0" : 
			[
				0.18808344766340182,
				-0.98214913625773259,
				0.0027732405662642002
			],
			"eigenVec_1" : 
			[
				0.98214379450396894,
				0.18809318455217669,
				0.0038106223070167155
			],
			"eigenVec_2" : 
			[
				-0.0042642270570787209,
				0.002007006031576308,
				0.9999888940855266
			],
			"mixing_coeff_norm" : 0.40612617705172727,
			"mu_x" : 1.1254784361218964,
			"mu_y" : 0.67122137292752238,
			"mu_z" : -1.3865238601842778
		},
		"1" : 
		{
			"eigenVal_0" : 0.0001695787312675549,
			"eigenVal_1" : 0.00022790188820539031,
			"eigenVal_2" : 0.66538510719555666,
			"eigenVec_0" : 
			[
				-0.032027267194603665,
				-0.99947867480574037,
				0.0040783286535889156
			],
			"eigenVec_1" : 
			[
				0.99948689773552757,
				-0.032025192747080114,
				0.00057296118819409961
			],
			"eigenVec_2" : 
			[
				-0.00044205322787456929,
				0.0040945864349879362,
				0.99999151943947484
			],
			"mixing_coeff_norm" : 0.21584633322429281,
			"mu_x" : 1.1365262525125888,
			"mu_y" : 0.67099303830228552,
			"mu_z" : 0.91219215180346558
		},
		"2" : 
		{
			"eigenVal_0" : 7.6212391854575953e-06,
			"eigenVal_1" : 2.041070722518502e-05,
			"eigenVal_2" : 0.20284430945701823,
			"eigenVec_0" : 
			[
				0.63507856955791053,
				-0.77215953054174702,
				0.021091938787762339
			],
			"eigenVec_1" : 
			[
				-0.77223970184818769,
				-0.63530434029457084,
				-0.0058513325236457508
			],
			"eigenVec_2" : 
			[
				0.017917962431594686,
				-0.012571976631737258,
				-0.99976041731300369
			],
			"mixing_coeff_norm" : 0.25227751982415819,
			"mu_x" : 1.1153428015955362,
			"mu_y" : 0.689263356757295,
			"mu_z" : 3.3268965456942667
		}
	},
	"data" : 
	{
		"x" : 
		[
			1.1124523878097534,
			1.1117414236068726,
			1.1124439239501953,
			1.1295614242553711,
			1.1288450956344604,
			1.1295527219772339,
			1.1519508361816406,
			1.1512279510498047,
			1.151942253112793
		],
		"y" : 
		[
			0.65536093711853027,
			0.67269635200500488,
			0.68987530469894409,
			0.65536350011825562,
			0.67269992828369141,
			0.68987786769866943,
			0.6553727388381958,
			0.67270380258560181,
			0.68988716602325439
		],
		"z" : 
		[
			-5.0111184120178223,
			1.0404658317565918,
			3.455411434173584,
			0.84769582748413086,
			-0.084094524383544922,
			-0.48391294479370117,
			1.5050840377807617,
			0.099667072296142578,
			1.9542474746704102
		]
	}
}
