{
	"clusters" : 
	{
		"0" : 
		{
			"eigenVal_0" : 5.562445387402021e-05,
			"eigenVal_1" : 0.00013146844200096896,
			"eigenVal_2" : 12.803066628998762,
			"eigenVec_0" : 
			[
				0.013629555329275017,
				-0.99990672586686447,
				0.00088022027582681237
			],
			"eigenVec_1" : 
			[
				0.99989908585976583,
				0.013632968025743283,
				0.0039950318664506903
			],
			"eigenVec_2" : 
			[
				-0.0040066592481926783,
				0.00082568094128845199,
				0.99999163243131783
			],
			"mixing_coeff_norm" : 0.40612617705172727,
			"mu_x" : 1.1189354680713957,
			"mu_y" : 0.6707856981207635,
			"mu_z" : -1.3720304639105656
		},
		"1" : 
		{
			"eigenVal_0" : 0.00016779923885506449,
			"eigenVal_1" : 0.00024520337757239592,
			"eigenVal_2" : 1.062926946366088,
			"eigenVec_0" : 
			[
				-0.31401362746996581,
				-0.94941838730381822,
				0.00040940514222145071
			],
			"eigenVec_1" : 
			[
				-0.94941777059805144,
				0.31401283961294851,
				-0.0013540424063975519
			],
			"eigenVec_2" : 
			[
				0.0011569942865619573,
				-0.00081388428518042991,
				-0.99999899947779514
			],
			"mixing_coeff_norm" : 0.21584633322429281,
			"mu_x" : 1.1349725026694375,
			"mu_y" : 0.67324576126967961,
			"mu_z" : 0.92742665780768196
		}
	},
	"data" : 
	{
		"x" : 
		[
			1.1124523878097534,
			1.1117414236068726,
			1.1124439239501953,
			1.1295614242553711,
			1.1288450956344604,
			1.1295527219772339,
			1.1519508361816406,
			1.1512279510498047,
			1.151942253112793
		],
		"y" : 
		[
			0.65536093711853027,
			0.67269635200500488,
			0.68987530469894409,
			0.65536350011825562,
			0.67269992828369141,
			0.68987786769866943,
			0.6553727388381958,
			0.67270380258560181,
			0.68988716602325439
		],
		"z" : 
		[
			-5.0111184120178223,
			1.0404658317565918,
			3.455411434173584,
			0.84769582748413086,
			-0.084094524383544922,
			-0.48391294479370117,
			1.5050840377807617,
			0.099667072296142578,
			1.9542474746704102
		]
	}
}
