{
	"clusters" : 
	{
		"0" : 
		{
			"eigenVal_0" : 2.1487977673259522e-05,
			"eigenVal_1" : 5.0134000850368263e-05,
			"eigenVal_2" : 6.7951124170318629,
			"eigenVec_0" : 
			[
				0.091684722211131817,
				-0.99578683955436353,
				0.0015753994414418088
			],
			"eigenVec_1" : 
			[
				0.99577967531030398,
				0.091690335351438876,
				0.003964926486877433
			],
			"eigenVec_2" : 
			[
				-0.0040926705185312219,
				0.001205227560746053,
				0.99999089869586022
			],
			"mixing_coeff_norm" : 0.40612617705172727,
			"mu_x" : 1.1149279079006151,
			"mu_y" : 0.66013566172478133,
			"mu_z" : -3.8396570007570654
		},
		"1" : 
		{
			"eigenVal_0" : 0.00015838673835827101,
			"eigenVal_1" : 0.00025266081630112916,
			"eigenVal_2" : 1.3793747586617204,
			"eigenVec_0" : 
			[
				-0.41098274630299941,
				-0.91163987177959138,
				0.0024344245591059526
			],
			"eigenVec_1" : 
			[
				-0.91164253945686935,
				0.41097799893672998,
				-0.0022281477939569733
			],
			"eigenVec_2" : 
			[
				0.0010307734353249194,
				-0.0031350552867088319,
				-0.99999455445241003
			],
			"mixing_coeff_norm" : 0.21584633322429281,
			"mu_x" : 1.1336074651374675,
			"mu_y" : 0.67460683626183071,
			"mu_z" : 1.0279475982127257
		}
	},
	"data" : 
	{
		"x" : 
		[
			1.1124523878097534,
			1.1117414236068726,
			1.1124439239501953,
			1.1295614242553711,
			1.1288450956344604,
			1.1295527219772339,
			1.1519508361816406,
			1.1512279510498047,
			1.151942253112793
		],
		"y" : 
		[
			0.65536093711853027,
			0.67269635200500488,
			0.68987530469894409,
			0.65536350011825562,
			0.67269992828369141,
			0.68987786769866943,
			0.6553727388381958,
			0.67270380258560181,
			0.68988716602325439
		],
		"z" : 
		[
			-5.0111184120178223,
			1.0404658317565918,
			3.455411434173584,
			0.84769582748413086,
			-0.084094524383544922,
			-0.48391294479370117,
			1.5050840377807617,
			0.099667072296142578,
			1.9542474746704102
		]
	}
}
