{
	"clusters" : 
	{
		"0" : 
		{
			"eigenVal_0" : 1.1649777697649604e-07,
			"eigenVal_1" : 2.4466623380330569e-07,
			"eigenVal_2" : 0.038967258416901768,
			"eigenVec_0" : 
			[
				0.98062205245398137,
				0.19586499559942244,
				0.0041585742483582445
			],
			"eigenVec_1" : 
			[
				0.19584267524852109,
				-0.98062137417091588,
				0.0052313545709380318
			],
			"eigenVec_2" : 
			[
				-0.0051026260340325987,
				0.0043155553504494633,
				0.99997766934545829
			],
			"mixing_coeff_norm" : 0.40612617705172727,
			"mu_x" : 1.1124856571554569,
			"mu_y" : 0.65540441793088688,
			"mu_z" : -5.0031129640100778
		},
		"1" : 
		{
			"eigenVal_0" : 0.00015677807048780485,
			"eigenVal_1" : 0.00025262546614876979,
			"eigenVal_2" : 1.4246941600003002,
			"eigenVec_0" : 
			[
				-0.42084868380368246,
				-0.90712701184348643,
				0.0026400236014008623
			],
			"eigenVec_1" : 
			[
				-0.90713032126800042,
				0.4208435020801754,
				-0.0023080279695734556
			],
			"eigenVec_2" : 
			[
				0.00098263773730220038,
				-0.0033661759908708011,
				-0.99999385162223697
			],
			"mixing_coeff_norm" : 0.21584633322429281,
			"mu_x" : 1.1334080558251685,
			"mu_y" : 0.67480786702334672,
			"mu_z" : 1.0419786743122021
		}
	},
	"data" : 
	{
		"x" : 
		[
			1.1124523878097534,
			1.1117414236068726,
			1.1124439239501953,
			1.1295614242553711,
			1.1288450956344604,
			1.1295527219772339,
			1.1519508361816406,
			1.1512279510498047,
			1.151942253112793
		],
		"y" : 
		[
			0.65536093711853027,
			0.67269635200500488,
			0.68987530469894409,
			0.65536350011825562,
			0.67269992828369141,
			0.68987786769866943,
			0.6553727388381958,
			0.67270380258560181,
			0.68988716602325439
		],
		"z" : 
		[
			-5.0111184120178223,
			1.0404658317565918,
			3.455411434173584,
			0.84769582748413086,
			-0.084094524383544922,
			-0.48391294479370117,
			1.5050840377807617,
			0.099667072296142578,
			1.9542474746704102
		]
	}
}
