{
	"clusters" : 
	{
		"0" : 
		{
			"eigenVal_0" : 0.00014751087140470881,
			"eigenVal_1" : 0.00025207874770135632,
			"eigenVal_2" : 4.884573573873495,
			"eigenVec_0" : 
			[
				0.27169046444058054,
				-0.96238285298237336,
				0.0018803769752442768
			],
			"eigenVec_1" : 
			[
				0.9623787661536366,
				0.27169512896052767,
				0.0029778105591417425
			],
			"eigenVec_2" : 
			[
				-0.0033766830863312673,
				0.0010005921395100077,
				0.9999937983941225
			],
			"mixing_coeff_norm" : 0.40612617705172727,
			"mu_x" : 1.1310797797309027,
			"mu_y" : 0.6726486219300164,
			"mu_z" : 0.36927175521850586
		}
	},
	"data" : 
	{
		"x" : 
		[
			1.1124523878097534,
			1.1117414236068726,
			1.1124439239501953,
			1.1295614242553711,
			1.1288450956344604,
			1.1295527219772339,
			1.1519508361816406,
			1.1512279510498047,
			1.151942253112793
		],
		"y" : 
		[
			0.65536093711853027,
			0.67269635200500488,
			0.68987530469894409,
			0.65536350011825562,
			0.67269992828369141,
			0.68987786769866943,
			0.6553727388381958,
			0.67270380258560181,
			0.68988716602325439
		],
		"z" : 
		[
			-5.0111184120178223,
			1.0404658317565918,
			3.455411434173584,
			0.84769582748413086,
			-0.084094524383544922,
			-0.48391294479370117,
			1.5050840377807617,
			0.099667072296142578,
			1.9542474746704102
		]
	}
}
