{
	"clusters" : 
	{
		"0" : 
		{
			"eigenVal_0" : 1.0,
			"eigenVal_1" : 1.0,
			"eigenVal_2" : 1.0,
			"eigenVec_0" : 
			[
				1.0,
				0.0,
				0.0
			],
			"eigenVec_1" : 
			[
				0.0,
				1.0,
				0.0
			],
			"eigenVec_2" : 
			[
				0.0,
				0.0,
				1.0
			],
			"mixing_coeff_norm" : 0.65296483420383933,
			"mu_x" : 1.4712260166803997,
			"mu_y" : -1.3813965717951457,
			"mu_z" : -6.0012423197428388
		},
		"1" : 
		{
			"eigenVal_0" : 1.0,
			"eigenVal_1" : 1.0,
			"eigenVal_2" : 1.0,
			"eigenVec_0" : 
			[
				1.0,
				0.0,
				0.0
			],
			"eigenVec_1" : 
			[
				0.0,
				1.0,
				0.0
			],
			"eigenVec_2" : 
			[
				0.0,
				0.0,
				1.0
			],
			"mixing_coeff_norm" : 0.34703516579616056,
			"mu_x" : 1.4599428574244182,
			"mu_y" : -1.3957914511362712,
			"mu_z" : -0.60050344467163086
		}
	},
	"data" : 
	{
		"w" : 
		[
			1.0,
			1.0,
			1.0,
			1.0,
			1.0,
			1.0,
			1.0,
			1.0,
			1.0,
			1.0,
			1.0,
			1.0,
			1.0,
			1.0,
			1.0
		],
		"x" : 
		[
			1.4424395561218262,
			1.4432195425033569,
			1.442436695098877,
			1.4432229995727539,
			1.4595597982406616,
			1.4603426456451416,
			1.4595568180084229,
			1.4603461027145386,
			1.4595667123794556,
			1.4774497747421265,
			1.4766546487808228,
			1.4774402379989624,
			1.4766515493392944,
			1.4774436950683594,
			1.4766615629196167
		],
		"y" : 
		[
			-1.4216434955596924,
			-1.4044579267501831,
			-1.387128472328186,
			-1.3699431419372559,
			-1.4216413497924805,
			-1.4044563770294189,
			-1.3871263265609741,
			-1.3699417114257812,
			-1.3526110649108887,
			-1.4389697313308716,
			-1.4216393232345581,
			-1.4044549465179443,
			-1.3871241807937622,
			-1.3699401617050171,
			-1.3526089191436768
		],
		"z" : 
		[
			-0.10650539398193359,
			-0.86885929107666016,
			0.064123153686523438,
			0.97062301635742188,
			-1.5015583038330078,
			-0.57343864440917969,
			-0.69714641571044922,
			0.1302947998046875,
			-7.5789699554443359,
			-5.2425069808959961,
			-1.3140678405761719,
			-0.79745197296142578,
			-0.70376777648925781,
			-1.8082866668701172,
			-5.1822500228881836
		]
	}
}
