{
	"clusters" : 
	{
		"0" : 
		{
			"eigenVal_0" : 0.00010623533501669288,
			"eigenVal_1" : 0.0004033774523539102,
			"eigenVal_2" : 0.30854038806708756,
			"eigenVec_0" : 
			[
				0.9779925990016678,
				0.20831739101454883,
				0.011590552137621623
			],
			"eigenVec_1" : 
			[
				-0.20836381422252265,
				0.97804697127076323,
				0.0029398827747195086
			],
			"eigenVec_2" : 
			[
				0.010723675704038449,
				0.0052902352479482348,
				-0.99992850553947898
			],
			"mixing_coeff_norm" : 0.40612617705172727,
			"mu_x" : 1.4658431920646624,
			"mu_y" : -1.3995284899399576,
			"mu_z" : -1.0847368470946428
		},
		"1" : 
		{
			"eigenVal_0" : 0.00010728216972571141,
			"eigenVal_1" : 0.00032238976446278384,
			"eigenVal_2" : 0.37295380289145447,
			"eigenVec_0" : 
			[
				0.94970169293664319,
				0.31290551917187753,
				0.012523198674963433
			],
			"eigenVec_1" : 
			[
				-0.31283000905541997,
				0.94977838320505892,
				-0.0076425277735999711
			],
			"eigenVec_2" : 
			[
				0.014285652510846255,
				-0.0033404892100114703,
				-0.9998923748405012
			],
			"mixing_coeff_norm" : 0.21584633322429281,
			"mu_x" : 1.4616580486464192,
			"mu_y" : -1.3985630156908726,
			"mu_z" : -0.73844935512576426
		},
		"2" : 
		{
			"eigenVal_0" : 3.803331124615036e-05,
			"eigenVal_1" : 0.00022162117665138891,
			"eigenVal_2" : 0.44904639983675737,
			"eigenVec_0" : 
			[
				-0.89290159569164929,
				-0.45012633417042891,
				0.010631260395514996
			],
			"eigenVec_1" : 
			[
				0.44989314274166342,
				-0.89288381179169329,
				-0.018832385785256162
			],
			"eigenVec_2" : 
			[
				-0.017969433083298004,
				0.012032536167692441,
				-0.9997661314267644
			],
			"mixing_coeff_norm" : 0.25227751982415819,
			"mu_x" : 1.4505786483657561,
			"mu_y" : -1.3850202503123181,
			"mu_z" : 0.1821645965775307
		},
		"3" : 
		{
			"eigenVal_0" : 3.6425334818576587e-09,
			"eigenVal_1" : 0.0012740023364521018,
			"eigenVal_2" : 1.2458869184867833,
			"eigenVec_0" : 
			[
				-0.99987503004358591,
				-0.013981509264866722,
				0.0073784614937048524
			],
			"eigenVec_1" : 
			[
				-0.014109250081367165,
				0.99974635517503763,
				-0.017554326428815915
			],
			"eigenVec_2" : 
			[
				0.0071311540075278037,
				0.017656237223837329,
				0.99981868552733921
			],
			"mixing_coeff_norm" : 0.03984228172716358,
			"mu_x" : 1.4712247517076813,
			"mu_y" : -1.3813949419596396,
			"mu_z" : -6.0013985220833215
		},
		"4" : 
		{
			"eigenVal_0" : 7.8610805387416881e-05,
			"eigenVal_1" : 0.0002851819973506545,
			"eigenVal_2" : 0.43670361970181859,
			"eigenVec_0" : 
			[
				0.90685757450029281,
				0.42125309605267908,
				0.012456670400942798
			],
			"eigenVec_1" : 
			[
				-0.42107752713459429,
				0.90690861799519829,
				-0.01450774786982326
			],
			"eigenVec_2" : 
			[
				0.017408495445055485,
				-0.0079112370759301248,
				-0.99981716159219225
			],
			"mixing_coeff_norm" : 0.085907688172658161,
			"mu_x" : 1.4568225214705912,
			"mu_y" : -1.3941923195332324,
			"mu_z" : -0.35558019922823242
		}
	},
	"data" : 
	{
		"x" : 
		[
			1.4424395561218262,
			1.4432195425033569,
			1.442436695098877,
			1.4432229995727539,
			1.4595597982406616,
			1.4603426456451416,
			1.4595568180084229,
			1.4603461027145386,
			1.4595667123794556,
			1.4774497747421265,
			1.4766546487808228,
			1.4774402379989624,
			1.4766515493392944,
			1.4774436950683594,
			1.4766615629196167
		],
		"y" : 
		[
			-1.4216434955596924,
			-1.4044579267501831,
			-1.387128472328186,
			-1.3699431419372559,
			-1.4216413497924805,
			-1.4044563770294189,
			-1.3871263265609741,
			-1.3699417114257812,
			-1.3526110649108887,
			-1.4389697313308716,
			-1.4216393232345581,
			-1.4044549465179443,
			-1.3871241807937622,
			-1.3699401617050171,
			-1.3526089191436768
		],
		"z" : 
		[
			-0.10650539398193359,
			-0.86885929107666016,
			0.064123153686523438,
			0.97062301635742188,
			-1.5015583038330078,
			-0.57343864440917969,
			-0.69714641571044922,
			0.1302947998046875,
			-7.5789699554443359,
			-5.2425069808959961,
			-1.3140678405761719,
			-0.79745197296142578,
			-0.70376777648925781,
			-1.8082866668701172,
			-5.1822500228881836
		]
	}
}
