{
	"clusters" : 
	{
		"0" : 
		{
			"eigenVal_0" : 0.00010615619949821991,
			"eigenVal_1" : 0.00039616550992235746,
			"eigenVal_2" : 0.3465841618923019,
			"eigenVec_0" : 
			[
				0.97597898873920197,
				0.21753499852877478,
				0.011980732644155723
			],
			"eigenVec_1" : 
			[
				-0.21755395062042107,
				0.9760482552908023,
				0.00028620487083993247
			],
			"eigenVec_2" : 
			[
				0.011631513618276638,
				0.0028857856584778149,
				-0.99992818748752232
			],
			"mixing_coeff_norm" : 0.40612617705172727,
			"mu_x" : 1.4649288540987759,
			"mu_y" : -1.3991412463457484,
			"mu_z" : -1.0100426422542643
		},
		"1" : 
		{
			"eigenVal_0" : 9.9652027122170762e-05,
			"eigenVal_1" : 0.00034074265333717689,
			"eigenVal_2" : 0.46695476310009087,
			"eigenVec_0" : 
			[
				0.95508259451820143,
				0.29608351028695579,
				0.012320413326487858
			],
			"eigenVec_1" : 
			[
				-0.29599439851907949,
				0.95515132237513689,
				-0.0085596384477352166
			],
			"eigenVec_2" : 
			[
				0.014302226879395769,
				-0.004528388364720473,
				-0.99988746367034176
			],
			"mixing_coeff_norm" : 0.21584633322429281,
			"mu_x" : 1.4607967963195827,
			"mu_y" : -1.3970791773988351,
			"mu_z" : -0.67379227458753088
		},
		"2" : 
		{
			"eigenVal_0" : 1.1731904627548317e-08,
			"eigenVal_1" : 0.0012742010817604732,
			"eigenVal_2" : 1.245938749773664,
			"eigenVec_0" : 
			[
				-0.99987479517100053,
				-0.01399885450541951,
				0.0073774015944960926
			],
			"eigenVec_1" : 
			[
				-0.014126544625130829,
				0.99974618419371586,
				-0.017550154616377801
			],
			"eigenVec_2" : 
			[
				0.0071298470323397896,
				0.017652174445112405,
				0.99981876658655233
			],
			"mixing_coeff_norm" : 0.25227751982415819,
			"mu_x" : 1.471226082426214,
			"mu_y" : -1.3813965111322064,
			"mu_z" : -6.0011741309801385
		},
		"3" : 
		{
			"eigenVal_0" : 6.4807197407389038e-05,
			"eigenVal_1" : 0.00026825650564688913,
			"eigenVal_2" : 0.61171493731470949,
			"eigenVec_0" : 
			[
				0.92232146662574088,
				0.3862518812381085,
				0.011515052816405235
			],
			"eigenVec_1" : 
			[
				-0.38607368734314024,
				0.92234497880177169,
				-0.015061474709686537
			],
			"eigenVec_2" : 
			[
				0.016438374086685189,
				-0.0094458625430040109,
				-0.999820261616159
			],
			"mixing_coeff_norm" : 0.03984228172716358,
			"mu_x" : 1.4545906310370238,
			"mu_y" : -1.3899506029271413,
			"mu_z" : -0.15098443136257858
		}
	},
	"data" : 
	{
		"x" : 
		[
			1.4424395561218262,
			1.4432195425033569,
			1.442436695098877,
			1.4432229995727539,
			1.4595597982406616,
			1.4603426456451416,
			1.4595568180084229,
			1.4603461027145386,
			1.4595667123794556,
			1.4774497747421265,
			1.4766546487808228,
			1.4774402379989624,
			1.4766515493392944,
			1.4774436950683594,
			1.4766615629196167
		],
		"y" : 
		[
			-1.4216434955596924,
			-1.4044579267501831,
			-1.387128472328186,
			-1.3699431419372559,
			-1.4216413497924805,
			-1.4044563770294189,
			-1.3871263265609741,
			-1.3699417114257812,
			-1.3526110649108887,
			-1.4389697313308716,
			-1.4216393232345581,
			-1.4044549465179443,
			-1.3871241807937622,
			-1.3699401617050171,
			-1.3526089191436768
		],
		"z" : 
		[
			-0.10650539398193359,
			-0.86885929107666016,
			0.064123153686523438,
			0.97062301635742188,
			-1.5015583038330078,
			-0.57343864440917969,
			-0.69714641571044922,
			0.1302947998046875,
			-7.5789699554443359,
			-5.2425069808959961,
			-1.3140678405761719,
			-0.79745197296142578,
			-0.70376777648925781,
			-1.8082866668701172,
			-5.1822500228881836
		]
	}
}
